Workbook

Sheet dump
A1: =chksum!A1 -> C000 | B1: =TEXT(chksum!B1,"00") -> FF | C1: =TEXT(chksum!C1,"00") -> FF | D1: =TEXT(chksum!D1,"00") -> FF | E1: =TEXT(chksum!E1,"00") -> FF | F1: =TEXT(chksum!F1,"00") -> FF | G1: =TEXT(chksum!G1,"00") -> FF | H1: =TEXT(chksum!H1,"00") -> FF | I1: =TEXT(chksum!I1,"00") -> FF | ... R1: =TEXT(chksum!R1,"00") -> F0 | T1: =_xlfn.TEXTJOIN(" ", TRUE, A1:R1) -> C000 FF FF FF FF FF FF FF FF FF FF FF FF FF FF FF FF F0
A2: =chksum!A2 -> C010 | B2: =TEXT(chksum!B2,"00") -> FF | C2: =TEXT(chksum!C2,"00") -> FF | D2: =TEXT(chksum!D2,"00") -> FF | E2: =TEXT(chksum!E2,"00") -> FF | F2: =TEXT(chksum!F2,"00") -> FF | G2: =TEXT(chksum!G2,"00") -> FF | H2: =TEXT(chksum!H2,"00") -> FF | I2: =TEXT(chksum!I2,"00") -> FF | ... R2: =TEXT(chksum!R2,"00") -> F5 | T2: =_xlfn.TEXTJOIN(" ", TRUE, A2:R2) -> C010 FF FF FF FF FF FF FF FF FF 80 80 FF 00 00 FF 00 F5
A3: =chksum!A3 -> C020 | B3: =TEXT(chksum!B3,"00") -> 00 | C3: =TEXT(chksum!C3,"00") -> FF | D3: =TEXT(chksum!D3,"00") -> 00 | E3: =TEXT(chksum!E3,"00") -> 00 | F3: =TEXT(chksum!F3,"00") -> FF | G3: =TEXT(chksum!G3,"00") -> 80 | H3: =TEXT(chksum!H3,"00") -> 80 | I3: =TEXT(chksum!I3,"00") -> FF | ... R3: =TEXT(chksum!R3,"00") -> FB | T3: =_xlfn.TEXTJOIN(" ", TRUE, A3:R3) -> C020 00 FF 00 00 FF 80 80 FF 00 00 FF 00 00 FF 00 00 FB
A4: =chksum!A4 -> C030 | B4: =TEXT(chksum!B4,"00") -> FF | C4: =TEXT(chksum!C4,"00") -> FF | D4: =TEXT(chksum!D4,"00") -> FF | E4: =TEXT(chksum!E4,"00") -> FF | F4: =TEXT(chksum!F4,"00") -> FC | G4: =TEXT(chksum!G4,"00") -> FC | H4: =TEXT(chksum!H4,"00") -> FF | I4: =TEXT(chksum!I4,"00") -> 00 | ... R4: =TEXT(chksum!R4,"00") -> F4 | T4: =_xlfn.TEXTJOIN(" ", TRUE, A4:R4) -> C030 FF FF FF FF FC FC FF 00 00 FF 00 00 00 00 FF 03 F4
A5: =chksum!A5 -> C040 | B5: =TEXT(chksum!B5,"00") -> 03 | C5: =TEXT(chksum!C5,"00") -> FF | D5: =TEXT(chksum!D5,"00") -> FF | E5: =TEXT(chksum!E5,"00") -> 00 | F5: =TEXT(chksum!F5,"00") -> 00 | G5: =TEXT(chksum!G5,"00") -> FF | H5: =TEXT(chksum!H5,"00") -> 00 | I5: =TEXT(chksum!I5,"00") -> 00 | ... R5: =TEXT(chksum!R5,"00") -> BF | T5: =_xlfn.TEXTJOIN(" ", TRUE, A5:R5) -> C040 03 FF FF 00 00 FF 00 00 00 00 FF 01 01 FF FF C0 BF
A6: =chksum!A6 -> C050 | B6: =TEXT(chksum!B6,"00") -> C0 | C6: =TEXT(chksum!C6,"00") -> FF | D6: =TEXT(chksum!D6,"00") -> 00 | E6: =TEXT(chksum!E6,"00") -> 00 | F6: =TEXT(chksum!F6,"00") -> 00 | G6: =TEXT(chksum!G6,"00") -> 00 | H6: =TEXT(chksum!H6,"00") -> FF | I6: =TEXT(chksum!I6,"00") -> 00 | ... R6: =TEXT(chksum!R6,"00") -> 1B | T6: =_xlfn.TEXTJOIN(" ", TRUE, A6:R6) -> C050 C0 FF 00 00 00 00 FF 00 00 FF 3F 30 F0 FF 00 00 1B
A7: =chksum!A7 -> C060 | B7: =TEXT(chksum!B7,"00") -> 00 | C7: =TEXT(chksum!C7,"00") -> 00 | D7: =TEXT(chksum!D7,"00") -> FF | E7: =TEXT(chksum!E7,"00") -> 00 | F7: =TEXT(chksum!F7,"00") -> 00 | G7: =TEXT(chksum!G7,"00") -> FF | H7: =TEXT(chksum!H7,"00") -> 1F | I7: =TEXT(chksum!I7,"00") -> 10 | ... R7: =TEXT(chksum!R7,"00") -> 1B | T7: =_xlfn.TEXTJOIN(" ", TRUE, A7:R7) -> C060 00 00 FF 00 00 FF 1F 10 F0 FF 00 00 00 00 FF 00 1B
A8: =chksum!A8 -> C070 | B8: =TEXT(chksum!B8,"00") -> 00 | C8: =TEXT(chksum!C8,"00") -> FF | D8: =TEXT(chksum!D8,"00") -> 1F | E8: =TEXT(chksum!E8,"00") -> 18 | F8: =TEXT(chksum!F8,"00") -> F8 | G8: =TEXT(chksum!G8,"00") -> FF | H8: =TEXT(chksum!H8,"00") -> 00 | I8: =TEXT(chksum!I8,"00") -> 00 | ... R8: =TEXT(chksum!R8,"00") -> 42 | T8: =_xlfn.TEXTJOIN(" ", TRUE, A8:R8) -> C070 00 FF 1F 18 F8 FF 00 00 00 00 FF 00 00 FF 0F 08 42
A9: =chksum!A9 -> C080 | B9: =TEXT(chksum!B9,"00") -> F8 | C9: =TEXT(chksum!C9,"00") -> FF | D9: =TEXT(chksum!D9,"00") -> 00 | E9: =TEXT(chksum!E9,"00") -> 00 | F9: =TEXT(chksum!F9,"00") -> 00 | G9: =TEXT(chksum!G9,"00") -> 00 | H9: =TEXT(chksum!H9,"00") -> FF | I9: =TEXT(chksum!I9,"00") -> 00 | ... R9: =TEXT(chksum!R9,"00") -> 03 | T9: =_xlfn.TEXTJOIN(" ", TRUE, A9:R9) -> C080 F8 FF 00 00 00 00 FF 00 00 FF 0F 08 F8 FF 00 00 03
A10: =chksum!A10 -> C090 | B10: =TEXT(chksum!B10,"00") -> 00 | C10: =TEXT(chksum!C10,"00") -> 00 | D10: =TEXT(chksum!D10,"00") -> FF | E10: =TEXT(chksum!E10,"00") -> 00 | F10: =TEXT(chksum!F10,"00") -> 00 | G10: =TEXT(chksum!G10,"00") -> FF | H10: =TEXT(chksum!H10,"00") -> 0F | I10: =TEXT(chksum!I10,"00") -> 08 | ... R10: =TEXT(chksum!R10,"00") -> 0B | T10: =_xlfn.TEXTJOIN(" ", TRUE, A10:R10) -> C090 00 00 FF 00 00 FF 0F 08 F8 FF 00 00 00 00 FF 00 0B
A11: =chksum!A11 -> C0A0 | B11: =TEXT(chksum!B11,"00") -> 00 | C11: =TEXT(chksum!C11,"00") -> FF | D11: =TEXT(chksum!D11,"00") -> 0F | E11: =TEXT(chksum!E11,"00") -> 08 | F11: =TEXT(chksum!F11,"00") -> F8 | G11: =TEXT(chksum!G11,"00") -> FF | H11: =TEXT(chksum!H11,"00") -> 00 | I11: =TEXT(chksum!I11,"00") -> 00 | ... R11: =TEXT(chksum!R11,"00") -> 22 | T11: =_xlfn.TEXTJOIN(" ", TRUE, A11:R11) -> C0A0 00 FF 0F 08 F8 FF 00 00 00 00 FF 00 00 FF 0F 08 22
A12: =chksum!A12 -> C0B0 | B12: =TEXT(chksum!B12,"00") -> F8 | C12: =TEXT(chksum!C12,"00") -> FF | D12: =TEXT(chksum!D12,"00") -> 00 | E12: =TEXT(chksum!E12,"00") -> 00 | F12: =TEXT(chksum!F12,"00") -> 00 | G12: =TEXT(chksum!G12,"00") -> 00 | H12: =TEXT(chksum!H12,"00") -> FF | I12: =TEXT(chksum!I12,"00") -> 00 | ... R12: =TEXT(chksum!R12,"00") -> 03 | T12: =_xlfn.TEXTJOIN(" ", TRUE, A12:R12) -> C0B0 F8 FF 00 00 00 00 FF 00 00 FF 0F 08 F8 FF 00 00 03
... A16: =chksum!A16 -> C0F0 | B16: =TEXT(chksum!B16,"00") -> FF | C16: =TEXT(chksum!C16,"00") -> 00 | D16: =TEXT(chksum!D16,"00") -> 00 | E16: =TEXT(chksum!E16,"00") -> FF | F16: =TEXT(chksum!F16,"00") -> 00 | G16: =TEXT(chksum!G16,"00") -> 00 | H16: =TEXT(chksum!H16,"00") -> FF | I16: =TEXT(chksum!I16,"00") -> 3F | ... R16: =TEXT(chksum!R16,"00") -> 76 | T16: =_xlfn.TEXTJOIN(" ", TRUE, A16:R16) -> C0F0 FF 00 00 FF 00 00 FF 3F 3F FF FF FF FF 00 00 FF 76
A17: =REPT(" ",4) | B17: =TEXT(chksum!B17,"00") -> AD | C17: =TEXT(chksum!C17,"00") -> F3 | D17: =TEXT(chksum!D17,"00") -> 27 | E17: =TEXT(chksum!E17,"00") -> 1B | F17: =TEXT(chksum!F17,"00") -> E6 | G17: =TEXT(chksum!G17,"00") -> 73 | H17: =TEXT(chksum!H17,"00") -> A5 | I17: =TEXT(chksum!I17,"00") -> 51 | ... R17: =TEXT(chksum!R17,"00") -> 98 | T17: =_xlfn.TEXTJOIN(" ", TRUE, A17:R17) -> AD F3 27 1B E6 73 A5 51 23 77 D5 3C DE F6 17 D1 98
T18: =_xlfn.TEXTJOIN(" ", TRUE, A18:R18)
A19: =chksum!A19 -> C100 | B19: =TEXT(chksum!B19,"00") -> 00 | C19: =TEXT(chksum!C19,"00") -> 00 | D19: =TEXT(chksum!D19,"00") -> FF | E19: =TEXT(chksum!E19,"00") -> C0 | F19: =TEXT(chksum!F19,"00") -> FF | G19: =TEXT(chksum!G19,"00") -> E0 | H19: =TEXT(chksum!H19,"00") -> 00 | I19: =TEXT(chksum!I19,"00") -> FF | ... R19: =TEXT(chksum!R19,"00") -> 1F | T19: =_xlfn.TEXTJOIN(" ", TRUE, A19:R19) -> C100 00 00 FF C0 FF E0 00 FF FF 00 00 FF 03 03 FE 80 1F
A20: =chksum!A20 -> C110 | B20: =TEXT(chksum!B20,"00") -> FF | C20: =TEXT(chksum!C20,"00") -> 00 | D20: =TEXT(chksum!D20,"00") -> 00 | E20: =TEXT(chksum!E20,"00") -> FF | F20: =TEXT(chksum!F20,"00") -> FF | G20: =TEXT(chksum!G20,"00") -> 00 | H20: =TEXT(chksum!H20,"00") -> 00 | I20: =TEXT(chksum!I20,"00") -> FF | ... R20: =TEXT(chksum!R20,"00") -> 05 | T20: =_xlfn.TEXTJOIN(" ", TRUE, A20:R20) -> C110 FF 00 00 FF FF 00 00 FF 0C 0F F0 00 FF 00 00 FF 05
A21: =chksum!A21 -> C120 | B21: =TEXT(chksum!B21,"00") -> FF | C21: =TEXT(chksum!C21,"00") -> 00 | D21: =TEXT(chksum!D21,"00") -> 00 | E21: =TEXT(chksum!E21,"00") -> FF | F21: =TEXT(chksum!F21,"00") -> 08 | G21: =TEXT(chksum!G21,"00") -> 0F | H21: =TEXT(chksum!H21,"00") -> E0 | I21: =TEXT(chksum!I21,"00") -> 00 | ... R21: =TEXT(chksum!R21,"00") -> F1 | T21: =_xlfn.TEXTJOIN(" ", TRUE, A21:R21) -> C120 FF 00 00 FF 08 0F E0 00 FF 00 00 FF FF 00 00 FF F1
A22: =chksum!A22 -> C130 | B22: =TEXT(chksum!B22,"00") -> 18 | C22: =TEXT(chksum!C22,"00") -> 1F | D22: =TEXT(chksum!D22,"00") -> E0 | E22: =TEXT(chksum!E22,"00") -> 00 | F22: =TEXT(chksum!F22,"00") -> FF | G22: =TEXT(chksum!G22,"00") -> 00 | H22: =TEXT(chksum!H22,"00") -> 00 | I22: =TEXT(chksum!I22,"00") -> FF | ... R22: =TEXT(chksum!R22,"00") -> 02 | T22: =_xlfn.TEXTJOIN(" ", TRUE, A22:R22) -> C130 18 1F E0 00 FF 00 00 FF FF 00 00 FF 10 1F C0 00 02
A23: =chksum!A23 -> C140 | B23: =TEXT(chksum!B23,"00") -> FF | C23: =TEXT(chksum!C23,"00") -> 00 | D23: =TEXT(chksum!D23,"00") -> 00 | E23: =TEXT(chksum!E23,"00") -> FF | F23: =TEXT(chksum!F23,"00") -> FF | G23: =TEXT(chksum!G23,"00") -> 00 | H23: =TEXT(chksum!H23,"00") -> 00 | I23: =TEXT(chksum!I23,"00") -> FF | ... R23: =TEXT(chksum!R23,"00") -> E9 | T23: =_xlfn.TEXTJOIN(" ", TRUE, A23:R23) -> C140 FF 00 00 FF FF 00 00 FF 10 1F C0 00 FF 00 00 FF E9
A24: =chksum!A24 -> C150 | B24: =TEXT(chksum!B24,"00") -> FF | C24: =TEXT(chksum!C24,"00") -> 00 | D24: =TEXT(chksum!D24,"00") -> 00 | E24: =TEXT(chksum!E24,"00") -> FF | F24: =TEXT(chksum!F24,"00") -> 10 | G24: =TEXT(chksum!G24,"00") -> 1F | H24: =TEXT(chksum!H24,"00") -> C0 | I24: =TEXT(chksum!I24,"00") -> 00 | ... R24: =TEXT(chksum!R24,"00") -> E9 | T24: =_xlfn.TEXTJOIN(" ", TRUE, A24:R24) -> C150 FF 00 00 FF 10 1F C0 00 FF 00 00 FF FF 00 00 FF E9
A25: =chksum!A25 -> C160 | B25: =TEXT(chksum!B25,"00") -> 10 | C25: =TEXT(chksum!C25,"00") -> 1F | D25: =TEXT(chksum!D25,"00") -> C0 | E25: =TEXT(chksum!E25,"00") -> 00 | F25: =TEXT(chksum!F25,"00") -> FF | G25: =TEXT(chksum!G25,"00") -> 00 | H25: =TEXT(chksum!H25,"00") -> 00 | I25: =TEXT(chksum!I25,"00") -> FF | ... R25: =TEXT(chksum!R25,"00") -> DA | T25: =_xlfn.TEXTJOIN(" ", TRUE, A25:R25) -> C160 10 1F C0 00 FF 00 00 FF FF 00 00 FF 10 1F C0 00 DA
A26: =chksum!A26 -> C170 | B26: =TEXT(chksum!B26,"00") -> FF | C26: =TEXT(chksum!C26,"00") -> 00 | D26: =TEXT(chksum!D26,"00") -> 00 | E26: =TEXT(chksum!E26,"00") -> FF | F26: =TEXT(chksum!F26,"00") -> FF | G26: =TEXT(chksum!G26,"00") -> 00 | H26: =TEXT(chksum!H26,"00") -> 00 | I26: =TEXT(chksum!I26,"00") -> FF | ... R26: =TEXT(chksum!R26,"00") -> E9 | T26: =_xlfn.TEXTJOIN(" ", TRUE, A26:R26) -> C170 FF 00 00 FF FF 00 00 FF 10 1F C0 00 FF 00 00 FF E9
A27: =chksum!A27 -> C180 | B27: =TEXT(chksum!B27,"00") -> 80 | C27: =TEXT(chksum!C27,"00") -> 80 | D27: =TEXT(chksum!D27,"00") -> 80 | E27: =TEXT(chksum!E27,"00") -> 00 | F27: =TEXT(chksum!F27,"00") -> 00 | G27: =TEXT(chksum!G27,"00") -> 00 | H27: =TEXT(chksum!H27,"00") -> 00 | I27: =TEXT(chksum!I27,"00") -> 00 | ... R27: =TEXT(chksum!R27,"00") -> C0 | T27: =_xlfn.TEXTJOIN(" ", TRUE, A27:R27) -> C180 80 80 80 00 00 00 00 00 00 00 00 00 C0 C0 C0 00 C0
A28: =chksum!A28 -> C190 | B28: =TEXT(chksum!B28,"00") -> 00 | C28: =TEXT(chksum!C28,"00") -> 00 | D28: =TEXT(chksum!D28,"00") -> 00 | E28: =TEXT(chksum!E28,"00") -> 00 | F28: =TEXT(chksum!F28,"00") -> 00 | G28: =TEXT(chksum!G28,"00") -> 00 | H28: =TEXT(chksum!H28,"00") -> 00 | I28: =TEXT(chksum!I28,"00") -> 00 | ... R28: =TEXT(chksum!R28,"00") -> A0 | T28: =_xlfn.TEXTJOIN(" ", TRUE, A28:R28) -> C190 00 00 00 00 00 00 00 00 E0 E0 E0 00 00 00 00 00 A0
A29: =chksum!A29 -> C1A0 | B29: =TEXT(chksum!B29,"00") -> 00 | C29: =TEXT(chksum!C29,"00") -> 00 | D29: =TEXT(chksum!D29,"00") -> 00 | E29: =TEXT(chksum!E29,"00") -> 00 | F29: =TEXT(chksum!F29,"00") -> 60 | G29: =TEXT(chksum!G29,"00") -> 60 | H29: =TEXT(chksum!H29,"00") -> E0 | I29: =TEXT(chksum!I29,"00") -> 00 | ... R29: =TEXT(chksum!R29,"00") -> A0 | T29: =_xlfn.TEXTJOIN(" ", TRUE, A29:R29) -> C1A0 00 00 00 00 60 60 E0 00 00 00 00 00 00 00 00 00 A0
A30: =chksum!A30 -> C1B0 | B30: =TEXT(chksum!B30,"00") -> 30 | C30: =TEXT(chksum!C30,"00") -> 30 | D30: =TEXT(chksum!D30,"00") -> F0 | E30: =TEXT(chksum!E30,"00") -> 00 | F30: =TEXT(chksum!F30,"00") -> 00 | G30: =TEXT(chksum!G30,"00") -> 00 | H30: =TEXT(chksum!H30,"00") -> 00 | I30: =TEXT(chksum!I30,"00") -> 00 | ... R30: =TEXT(chksum!R30,"00") -> B8 | T30: =_xlfn.TEXTJOIN(" ", TRUE, A30:R30) -> C1B0 30 30 F0 00 00 00 00 00 00 00 00 00 38 38 F8 00 B8
... A34: =chksum!A34 -> C1F0 | B34: =TEXT(chksum!B34,"00") -> 00 | C34: =TEXT(chksum!C34,"00") -> 00 | D34: =TEXT(chksum!D34,"00") -> 00 | E34: =TEXT(chksum!E34,"00") -> 00 | F34: =TEXT(chksum!F34,"00") -> 00 | G34: =TEXT(chksum!G34,"00") -> 00 | H34: =TEXT(chksum!H34,"00") -> 00 | I34: =TEXT(chksum!I34,"00") -> 00 | ... R34: =TEXT(chksum!R34,"00") -> 05 | T34: =_xlfn.TEXTJOIN(" ", TRUE, A34:R34) -> C1F0 00 00 00 00 00 00 00 00 03 03 FF 00 00 00 00 00 05
A35: =REPT(" ",4) | B35: =TEXT(chksum!B35,"00") -> E1 | C35: =TEXT(chksum!C35,"00") -> FC | D35: =TEXT(chksum!D35,"00") -> 0D | E35: =TEXT(chksum!E35,"00") -> BB | F35: =TEXT(chksum!F35,"00") -> 7E | G35: =TEXT(chksum!G35,"00") -> 7A | H35: =TEXT(chksum!H35,"00") -> 7C | I35: =TEXT(chksum!I35,"00") -> FA | ... R35: =TEXT(chksum!R35,"00") -> CC | T35: =_xlfn.TEXTJOIN(" ", TRUE, A35:R35) -> E1 FC 0D BB 7E 7A 7C FA 22 48 47 FB 1D 40 35 7B CC
T36: =_xlfn.TEXTJOIN(" ", TRUE, A36:R36)
A37: =chksum!A37 -> C200 | B37: =TEXT(chksum!B37,"00") -> 00 | C37: =TEXT(chksum!C37,"00") -> 00 | D37: =TEXT(chksum!D37,"00") -> 00 | E37: =TEXT(chksum!E37,"00") -> 00 | F37: =TEXT(chksum!F37,"00") -> 01 | G37: =TEXT(chksum!G37,"00") -> 01 | H37: =TEXT(chksum!H37,"00") -> FF | I37: =TEXT(chksum!I37,"00") -> 80 | ... R37: =TEXT(chksum!R37,"00") -> 81 | T37: =_xlfn.TEXTJOIN(" ", TRUE, A37:R37) -> C200 00 00 00 00 01 01 FF 80 80 80 00 00 00 00 00 00 81
A38: =chksum!A38 -> C210 | B38: =TEXT(chksum!B38,"00") -> 01 | C38: =TEXT(chksum!C38,"00") -> 01 | D38: =TEXT(chksum!D38,"00") -> FF | E38: =TEXT(chksum!E38,"00") -> C0 | F38: =TEXT(chksum!F38,"00") -> C0 | G38: =TEXT(chksum!G38,"00") -> C0 | H38: =TEXT(chksum!H38,"00") -> 00 | I38: =TEXT(chksum!I38,"00") -> 00 | ... R38: =TEXT(chksum!R38,"00") -> 20 | T38: =_xlfn.TEXTJOIN(" ", TRUE, A38:R38) -> C210 01 01 FF C0 C0 C0 00 00 00 00 00 00 00 00 FF E0 20
A39: =chksum!A39 -> C220 | B39: =TEXT(chksum!B39,"00") -> E0 | C39: =TEXT(chksum!C39,"00") -> E0 | D39: =TEXT(chksum!D39,"00") -> 00 | E39: =TEXT(chksum!E39,"00") -> 00 | F39: =TEXT(chksum!F39,"00") -> 00 | G39: =TEXT(chksum!G39,"00") -> 00 | H39: =TEXT(chksum!H39,"00") -> 00 | I39: =TEXT(chksum!I39,"00") -> 00 | ... R39: =TEXT(chksum!R39,"00") -> 5F | T39: =_xlfn.TEXTJOIN(" ", TRUE, A39:R39) -> C220 E0 E0 00 00 00 00 00 00 00 00 FF 60 60 E0 00 00 5F
A40: =chksum!A40 -> C230 | B40: =TEXT(chksum!B40,"00") -> 00 | C40: =TEXT(chksum!C40,"00") -> 00 | D40: =TEXT(chksum!D40,"00") -> 00 | E40: =TEXT(chksum!E40,"00") -> 00 | F40: =TEXT(chksum!F40,"00") -> 00 | G40: =TEXT(chksum!G40,"00") -> 00 | H40: =TEXT(chksum!H40,"00") -> FF | I40: =TEXT(chksum!I40,"00") -> 30 | ... R40: =TEXT(chksum!R40,"00") -> 4F | T40: =_xlfn.TEXTJOIN(" ", TRUE, A40:R40) -> C230 00 00 00 00 00 00 FF 30 30 F0 00 00 00 00 00 00 4F
A41: =chksum!A41 -> C240 | B41: =TEXT(chksum!B41,"00") -> 00 | C41: =TEXT(chksum!C41,"00") -> 00 | D41: =TEXT(chksum!D41,"00") -> FF | E41: =TEXT(chksum!E41,"00") -> 00 | F41: =TEXT(chksum!F41,"00") -> 00 | G41: =TEXT(chksum!G41,"00") -> FF | H41: =TEXT(chksum!H41,"00") -> 0F | I41: =TEXT(chksum!I41,"00") -> 08 | ... R41: =TEXT(chksum!R41,"00") -> 0B | T41: =_xlfn.TEXTJOIN(" ", TRUE, A41:R41) -> C240 00 00 FF 00 00 FF 0F 08 F8 FF 00 00 00 00 FF 00 0B
A42: =chksum!A42 -> C250 | B42: =TEXT(chksum!B42,"00") -> 00 | C42: =TEXT(chksum!C42,"00") -> FF | D42: =TEXT(chksum!D42,"00") -> 0F | E42: =TEXT(chksum!E42,"00") -> 08 | F42: =TEXT(chksum!F42,"00") -> F8 | G42: =TEXT(chksum!G42,"00") -> FF | H42: =TEXT(chksum!H42,"00") -> 00 | I42: =TEXT(chksum!I42,"00") -> 00 | ... R42: =TEXT(chksum!R42,"00") -> 22 | T42: =_xlfn.TEXTJOIN(" ", TRUE, A42:R42) -> C250 00 FF 0F 08 F8 FF 00 00 00 00 FF 00 00 FF 0F 08 22
A43: =chksum!A43 -> C260 | B43: =TEXT(chksum!B43,"00") -> F8 | C43: =TEXT(chksum!C43,"00") -> FF | D43: =TEXT(chksum!D43,"00") -> 00 | E43: =TEXT(chksum!E43,"00") -> 00 | F43: =TEXT(chksum!F43,"00") -> 00 | G43: =TEXT(chksum!G43,"00") -> 00 | H43: =TEXT(chksum!H43,"00") -> FF | I43: =TEXT(chksum!I43,"00") -> 00 | ... R43: =TEXT(chksum!R43,"00") -> 03 | T43: =_xlfn.TEXTJOIN(" ", TRUE, A43:R43) -> C260 F8 FF 00 00 00 00 FF 00 00 FF 0F 08 F8 FF 00 00 03
A44: =chksum!A44 -> C270 | B44: =TEXT(chksum!B44,"00") -> 00 | C44: =TEXT(chksum!C44,"00") -> 00 | D44: =TEXT(chksum!D44,"00") -> FF | E44: =TEXT(chksum!E44,"00") -> 00 | F44: =TEXT(chksum!F44,"00") -> 00 | G44: =TEXT(chksum!G44,"00") -> FF | H44: =TEXT(chksum!H44,"00") -> 0F | I44: =TEXT(chksum!I44,"00") -> 08 | ... R44: =TEXT(chksum!R44,"00") -> 0B | T44: =_xlfn.TEXTJOIN(" ", TRUE, A44:R44) -> C270 00 00 FF 00 00 FF 0F 08 F8 FF 00 00 00 00 FF 00 0B
A45: =chksum!A45 -> C280 | B45: =TEXT(chksum!B45,"00") -> 00 | C45: =TEXT(chksum!C45,"00") -> FF | D45: =TEXT(chksum!D45,"00") -> 0F | E45: =TEXT(chksum!E45,"00") -> 08 | F45: =TEXT(chksum!F45,"00") -> F8 | G45: =TEXT(chksum!G45,"00") -> FF | H45: =TEXT(chksum!H45,"00") -> 00 | I45: =TEXT(chksum!I45,"00") -> 00 | ... R45: =TEXT(chksum!R45,"00") -> 22 | T45: =_xlfn.TEXTJOIN(" ", TRUE, A45:R45) -> C280 00 FF 0F 08 F8 FF 00 00 00 00 FF 00 00 FF 0F 08 22
A46: =chksum!A46 -> C290 | B46: =TEXT(chksum!B46,"00") -> F8 | C46: =TEXT(chksum!C46,"00") -> FF | D46: =TEXT(chksum!D46,"00") -> 00 | E46: =TEXT(chksum!E46,"00") -> 00 | F46: =TEXT(chksum!F46,"00") -> 00 | G46: =TEXT(chksum!G46,"00") -> 00 | H46: =TEXT(chksum!H46,"00") -> FF | I46: =TEXT(chksum!I46,"00") -> 00 | ... R46: =TEXT(chksum!R46,"00") -> 03 | T46: =_xlfn.TEXTJOIN(" ", TRUE, A46:R46) -> C290 F8 FF 00 00 00 00 FF 00 00 FF 0F 08 F8 FF 00 00 03
A47: =chksum!A47 -> C2A0 | B47: =TEXT(chksum!B47,"00") -> 00 | C47: =TEXT(chksum!C47,"00") -> 00 | D47: =TEXT(chksum!D47,"00") -> FF | E47: =TEXT(chksum!E47,"00") -> 00 | F47: =TEXT(chksum!F47,"00") -> 00 | G47: =TEXT(chksum!G47,"00") -> FF | H47: =TEXT(chksum!H47,"00") -> 0F | I47: =TEXT(chksum!I47,"00") -> 08 | ... R47: =TEXT(chksum!R47,"00") -> 0B | T47: =_xlfn.TEXTJOIN(" ", TRUE, A47:R47) -> C2A0 00 00 FF 00 00 FF 0F 08 F8 FF 00 00 00 00 FF 00 0B
A48: =chksum!A48 -> C2B0 | B48: =TEXT(chksum!B48,"00") -> 00 | C48: =TEXT(chksum!C48,"00") -> FF | D48: =TEXT(chksum!D48,"00") -> 0F | E48: =TEXT(chksum!E48,"00") -> 08 | F48: =TEXT(chksum!F48,"00") -> F8 | G48: =TEXT(chksum!G48,"00") -> FF | H48: =TEXT(chksum!H48,"00") -> 00 | I48: =TEXT(chksum!I48,"00") -> 00 | ... R48: =TEXT(chksum!R48,"00") -> 22 | T48: =_xlfn.TEXTJOIN(" ", TRUE, A48:R48) -> C2B0 00 FF 0F 08 F8 FF 00 00 00 00 FF 00 00 FF 0F 08 22
... A52: =chksum!A52 -> C2F0 | B52: =TEXT(chksum!B52,"00") -> F8 | C52: =TEXT(chksum!C52,"00") -> FF | D52: =TEXT(chksum!D52,"00") -> 00 | E52: =TEXT(chksum!E52,"00") -> 00 | F52: =TEXT(chksum!F52,"00") -> 00 | G52: =TEXT(chksum!G52,"00") -> 00 | H52: =TEXT(chksum!H52,"00") -> FF | I52: =TEXT(chksum!I52,"00") -> 00 | ... R52: =TEXT(chksum!R52,"00") -> 03 | T52: =_xlfn.TEXTJOIN(" ", TRUE, A52:R52) -> C2F0 F8 FF 00 00 00 00 FF 00 00 FF 0F 08 F8 FF 00 00 03
A53: =REPT(" ",4) | B53: =TEXT(chksum!B53,"00") -> C1 | C53: =TEXT(chksum!C53,"00") -> D9 | D53: =TEXT(chksum!D53,"00") -> 37 | E53: =TEXT(chksum!E53,"00") -> E0 | F53: =TEXT(chksum!F53,"00") -> A1 | G53: =TEXT(chksum!G53,"00") -> B9 | H53: =TEXT(chksum!H53,"00") -> 36 | I53: =TEXT(chksum!I53,"00") -> D0 | ... R53: =TEXT(chksum!R53,"00") -> 0F | T53: =_xlfn.TEXTJOIN(" ", TRUE, A53:R53) -> C1 D9 37 E0 A1 B9 36 D0 90 68 37 80 40 D8 37 00 0F
T54: =_xlfn.TEXTJOIN(" ", TRUE, A54:R54)
A55: =chksum!A55 -> C300 | B55: =TEXT(chksum!B55,"00") -> FF | C55: =TEXT(chksum!C55,"00") -> 00 | D55: =TEXT(chksum!D55,"00") -> 00 | E55: =TEXT(chksum!E55,"00") -> FF | F55: =TEXT(chksum!F55,"00") -> 10 | G55: =TEXT(chksum!G55,"00") -> 1F | H55: =TEXT(chksum!H55,"00") -> C0 | I55: =TEXT(chksum!I55,"00") -> 00 | ... R55: =TEXT(chksum!R55,"00") -> E9 | T55: =_xlfn.TEXTJOIN(" ", TRUE, A55:R55) -> C300 FF 00 00 FF 10 1F C0 00 FF 00 00 FF FF 00 00 FF E9
A56: =chksum!A56 -> C310 | B56: =TEXT(chksum!B56,"00") -> 10 | C56: =TEXT(chksum!C56,"00") -> 1F | D56: =TEXT(chksum!D56,"00") -> C0 | E56: =TEXT(chksum!E56,"00") -> 00 | F56: =TEXT(chksum!F56,"00") -> FF | G56: =TEXT(chksum!G56,"00") -> 00 | H56: =TEXT(chksum!H56,"00") -> 00 | I56: =TEXT(chksum!I56,"00") -> FF | ... R56: =TEXT(chksum!R56,"00") -> DA | T56: =_xlfn.TEXTJOIN(" ", TRUE, A56:R56) -> C310 10 1F C0 00 FF 00 00 FF FF 00 00 FF 10 1F C0 00 DA
A57: =chksum!A57 -> C320 | B57: =TEXT(chksum!B57,"00") -> FF | C57: =TEXT(chksum!C57,"00") -> 00 | D57: =TEXT(chksum!D57,"00") -> 00 | E57: =TEXT(chksum!E57,"00") -> FF | F57: =TEXT(chksum!F57,"00") -> FF | G57: =TEXT(chksum!G57,"00") -> 00 | H57: =TEXT(chksum!H57,"00") -> 00 | I57: =TEXT(chksum!I57,"00") -> FF | ... R57: =TEXT(chksum!R57,"00") -> E9 | T57: =_xlfn.TEXTJOIN(" ", TRUE, A57:R57) -> C320 FF 00 00 FF FF 00 00 FF 10 1F C0 00 FF 00 00 FF E9
A58: =chksum!A58 -> C330 | B58: =TEXT(chksum!B58,"00") -> FF | C58: =TEXT(chksum!C58,"00") -> 00 | D58: =TEXT(chksum!D58,"00") -> 00 | E58: =TEXT(chksum!E58,"00") -> FF | F58: =TEXT(chksum!F58,"00") -> 10 | G58: =TEXT(chksum!G58,"00") -> 1F | H58: =TEXT(chksum!H58,"00") -> C0 | I58: =TEXT(chksum!I58,"00") -> 00 | ... R58: =TEXT(chksum!R58,"00") -> E9 | T58: =_xlfn.TEXTJOIN(" ", TRUE, A58:R58) -> C330 FF 00 00 FF 10 1F C0 00 FF 00 00 FF FF 00 00 FF E9
A59: =chksum!A59 -> C340 | B59: =TEXT(chksum!B59,"00") -> 10 | C59: =TEXT(chksum!C59,"00") -> 1F | D59: =TEXT(chksum!D59,"00") -> C0 | E59: =TEXT(chksum!E59,"00") -> 00 | F59: =TEXT(chksum!F59,"00") -> FF | G59: =TEXT(chksum!G59,"00") -> 00 | H59: =TEXT(chksum!H59,"00") -> 00 | I59: =TEXT(chksum!I59,"00") -> FF | ... R59: =TEXT(chksum!R59,"00") -> DA | T59: =_xlfn.TEXTJOIN(" ", TRUE, A59:R59) -> C340 10 1F C0 00 FF 00 00 FF FF 00 00 FF 10 1F C0 00 DA
A60: =chksum!A60 -> C350 | B60: =TEXT(chksum!B60,"00") -> FF | C60: =TEXT(chksum!C60,"00") -> 00 | D60: =TEXT(chksum!D60,"00") -> 00 | E60: =TEXT(chksum!E60,"00") -> FF | F60: =TEXT(chksum!F60,"00") -> FF | G60: =TEXT(chksum!G60,"00") -> 00 | H60: =TEXT(chksum!H60,"00") -> 00 | I60: =TEXT(chksum!I60,"00") -> FF | ... R60: =TEXT(chksum!R60,"00") -> E9 | T60: =_xlfn.TEXTJOIN(" ", TRUE, A60:R60) -> C350 FF 00 00 FF FF 00 00 FF 10 1F C0 00 FF 00 00 FF E9
A61: =chksum!A61 -> C360 | B61: =TEXT(chksum!B61,"00") -> FF | C61: =TEXT(chksum!C61,"00") -> 00 | D61: =TEXT(chksum!D61,"00") -> 00 | E61: =TEXT(chksum!E61,"00") -> FF | F61: =TEXT(chksum!F61,"00") -> 10 | G61: =TEXT(chksum!G61,"00") -> 1F | H61: =TEXT(chksum!H61,"00") -> C0 | I61: =TEXT(chksum!I61,"00") -> 00 | ... R61: =TEXT(chksum!R61,"00") -> E9 | T61: =_xlfn.TEXTJOIN(" ", TRUE, A61:R61) -> C360 FF 00 00 FF 10 1F C0 00 FF 00 00 FF FF 00 00 FF E9
A62: =chksum!A62 -> C370 | B62: =TEXT(chksum!B62,"00") -> 10 | C62: =TEXT(chksum!C62,"00") -> 1F | D62: =TEXT(chksum!D62,"00") -> C0 | E62: =TEXT(chksum!E62,"00") -> 00 | F62: =TEXT(chksum!F62,"00") -> FF | G62: =TEXT(chksum!G62,"00") -> 00 | H62: =TEXT(chksum!H62,"00") -> 00 | I62: =TEXT(chksum!I62,"00") -> FF | ... R62: =TEXT(chksum!R62,"00") -> DA | T62: =_xlfn.TEXTJOIN(" ", TRUE, A62:R62) -> C370 10 1F C0 00 FF 00 00 FF FF 00 00 FF 10 1F C0 00 DA
A63: =chksum!A63 -> C380 | B63: =TEXT(chksum!B63,"00") -> FF | C63: =TEXT(chksum!C63,"00") -> 00 | D63: =TEXT(chksum!D63,"00") -> 00 | E63: =TEXT(chksum!E63,"00") -> FF | F63: =TEXT(chksum!F63,"00") -> FF | G63: =TEXT(chksum!G63,"00") -> 00 | H63: =TEXT(chksum!H63,"00") -> 00 | I63: =TEXT(chksum!I63,"00") -> FF | ... R63: =TEXT(chksum!R63,"00") -> E9 | T63: =_xlfn.TEXTJOIN(" ", TRUE, A63:R63) -> C380 FF 00 00 FF FF 00 00 FF 10 1F C0 00 FF 00 00 FF E9
A64: =chksum!A64 -> C390 | B64: =TEXT(chksum!B64,"00") -> FF | C64: =TEXT(chksum!C64,"00") -> 00 | D64: =TEXT(chksum!D64,"00") -> 00 | E64: =TEXT(chksum!E64,"00") -> FF | F64: =TEXT(chksum!F64,"00") -> 10 | G64: =TEXT(chksum!G64,"00") -> 1F | H64: =TEXT(chksum!H64,"00") -> C0 | I64: =TEXT(chksum!I64,"00") -> 00 | ... R64: =TEXT(chksum!R64,"00") -> E9 | T64: =_xlfn.TEXTJOIN(" ", TRUE, A64:R64) -> C390 FF 00 00 FF 10 1F C0 00 FF 00 00 FF FF 00 00 FF E9
A65: =chksum!A65 -> C3A0 | B65: =TEXT(chksum!B65,"00") -> 10 | C65: =TEXT(chksum!C65,"00") -> 1F | D65: =TEXT(chksum!D65,"00") -> C0 | E65: =TEXT(chksum!E65,"00") -> 00 | F65: =TEXT(chksum!F65,"00") -> FF | G65: =TEXT(chksum!G65,"00") -> 00 | H65: =TEXT(chksum!H65,"00") -> 00 | I65: =TEXT(chksum!I65,"00") -> FF | ... R65: =TEXT(chksum!R65,"00") -> DA | T65: =_xlfn.TEXTJOIN(" ", TRUE, A65:R65) -> C3A0 10 1F C0 00 FF 00 00 FF FF 00 00 FF 10 1F C0 00 DA
A66: =chksum!A66 -> C3B0 | B66: =TEXT(chksum!B66,"00") -> FF | C66: =TEXT(chksum!C66,"00") -> 00 | D66: =TEXT(chksum!D66,"00") -> 00 | E66: =TEXT(chksum!E66,"00") -> FF | F66: =TEXT(chksum!F66,"00") -> FF | G66: =TEXT(chksum!G66,"00") -> 00 | H66: =TEXT(chksum!H66,"00") -> 00 | I66: =TEXT(chksum!I66,"00") -> FF | ... R66: =TEXT(chksum!R66,"00") -> E9 | T66: =_xlfn.TEXTJOIN(" ", TRUE, A66:R66) -> C3B0 FF 00 00 FF FF 00 00 FF 10 1F C0 00 FF 00 00 FF E9
... A70: =chksum!A70 -> C3F0 | B70: =TEXT(chksum!B70,"00") -> 00 | C70: =TEXT(chksum!C70,"00") -> 00 | D70: =TEXT(chksum!D70,"00") -> FF | E70: =TEXT(chksum!E70,"00") -> 06 | F70: =TEXT(chksum!F70,"00") -> 06 | G70: =TEXT(chksum!G70,"00") -> FE | H70: =TEXT(chksum!H70,"00") -> 00 | I70: =TEXT(chksum!I70,"00") -> 00 | ... R70: =TEXT(chksum!R70,"00") -> 0B | T70: =_xlfn.TEXTJOIN(" ", TRUE, A70:R70) -> C3F0 00 00 FF 06 06 FE 00 00 00 00 00 00 00 00 FF 03 0B
A71: =REPT(" ",4) | B71: =TEXT(chksum!B71,"00") -> 50 | C71: =TEXT(chksum!C71,"00") -> 74 | D71: =TEXT(chksum!D71,"00") -> FE | E71: =TEXT(chksum!E71,"00") -> 2E | F71: =TEXT(chksum!F71,"00") -> 6E | G71: =TEXT(chksum!G71,"00") -> 6A | H71: =TEXT(chksum!H71,"00") -> FF | I71: =TEXT(chksum!I71,"00") -> FE | ... R71: =TEXT(chksum!R71,"00") -> 4D | T71: =_xlfn.TEXTJOIN(" ", TRUE, A71:R71) -> 50 74 FE 2E 6E 6A FF FE 3E 7A FF 04 44 78 FE 13 4D
T72: =_xlfn.TEXTJOIN(" ", TRUE, A72:R72)
A73: =chksum!A73 -> C400 | B73: =TEXT(chksum!B73,"00") -> 03 | C73: =TEXT(chksum!C73,"00") -> FF | D73: =TEXT(chksum!D73,"00") -> 00 | E73: =TEXT(chksum!E73,"00") -> 00 | F73: =TEXT(chksum!F73,"00") -> 00 | G73: =TEXT(chksum!G73,"00") -> 00 | H73: =TEXT(chksum!H73,"00") -> 00 | I73: =TEXT(chksum!I73,"00") -> 00 | ... R73: =TEXT(chksum!R73,"00") -> 02 | T73: =_xlfn.TEXTJOIN(" ", TRUE, A73:R73) -> C400 03 FF 00 00 00 00 00 00 00 00 FF 01 01 FF 80 80 02
A74: =chksum!A74 -> C410 | B74: =TEXT(chksum!B74,"00") -> 80 | C74: =TEXT(chksum!C74,"00") -> 00 | D74: =TEXT(chksum!D74,"00") -> 00 | E74: =TEXT(chksum!E74,"00") -> 00 | F74: =TEXT(chksum!F74,"00") -> 00 | G74: =TEXT(chksum!G74,"00") -> 00 | H74: =TEXT(chksum!H74,"00") -> FF | I74: =TEXT(chksum!I74,"00") -> 01 | ... R74: =TEXT(chksum!R74,"00") -> C0 | T74: =_xlfn.TEXTJOIN(" ", TRUE, A74:R74) -> C410 80 00 00 00 00 00 FF 01 01 FF C0 C0 C0 00 00 00 C0
A75: =chksum!A75 -> C420 | B75: =TEXT(chksum!B75,"00") -> 00 | C75: =TEXT(chksum!C75,"00") -> 00 | D75: =TEXT(chksum!D75,"00") -> FF | E75: =TEXT(chksum!E75,"00") -> 00 | F75: =TEXT(chksum!F75,"00") -> 00 | G75: =TEXT(chksum!G75,"00") -> FF | H75: =TEXT(chksum!H75,"00") -> E0 | I75: =TEXT(chksum!I75,"00") -> E0 | ... R75: =TEXT(chksum!R75,"00") -> 9D | T75: =_xlfn.TEXTJOIN(" ", TRUE, A75:R75) -> C420 00 00 FF 00 00 FF E0 E0 E0 00 00 00 00 00 FF 00 9D
A76: =chksum!A76 -> C430 | B76: =TEXT(chksum!B76,"00") -> 00 | C76: =TEXT(chksum!C76,"00") -> FF | D76: =TEXT(chksum!D76,"00") -> E0 | E76: =TEXT(chksum!E76,"00") -> E0 | F76: =TEXT(chksum!F76,"00") -> E0 | G76: =TEXT(chksum!G76,"00") -> 00 | H76: =TEXT(chksum!H76,"00") -> 00 | I76: =TEXT(chksum!I76,"00") -> 00 | ... R76: =TEXT(chksum!R76,"00") -> 7D | T76: =_xlfn.TEXTJOIN(" ", TRUE, A76:R76) -> C430 00 FF E0 E0 E0 00 00 00 00 00 FF 00 00 FF F0 F0 7D
A77: =chksum!A77 -> C440 | B77: =TEXT(chksum!B77,"00") -> F0 | C77: =TEXT(chksum!C77,"00") -> 00 | D77: =TEXT(chksum!D77,"00") -> 00 | E77: =TEXT(chksum!E77,"00") -> 00 | F77: =TEXT(chksum!F77,"00") -> 00 | G77: =TEXT(chksum!G77,"00") -> 00 | H77: =TEXT(chksum!H77,"00") -> FF | I77: =TEXT(chksum!I77,"00") -> 00 | ... R77: =TEXT(chksum!R77,"00") -> 96 | T77: =_xlfn.TEXTJOIN(" ", TRUE, A77:R77) -> C440 F0 00 00 00 00 00 FF 00 00 FF F8 D8 D8 00 00 00 96
A78: =chksum!A78 -> C450 | B78: =TEXT(chksum!B78,"00") -> 00 | C78: =TEXT(chksum!C78,"00") -> 00 | D78: =TEXT(chksum!D78,"00") -> FF | E78: =TEXT(chksum!E78,"00") -> 00 | F78: =TEXT(chksum!F78,"00") -> 00 | G78: =TEXT(chksum!G78,"00") -> FF | H78: =TEXT(chksum!H78,"00") -> FC | I78: =TEXT(chksum!I78,"00") -> DC | ... R78: =TEXT(chksum!R78,"00") -> B1 | T78: =_xlfn.TEXTJOIN(" ", TRUE, A78:R78) -> C450 00 00 FF 00 00 FF FC DC DC 00 00 00 00 00 FF 00 B1
A79: =chksum!A79 -> C460 | B79: =TEXT(chksum!B79,"00") -> 00 | C79: =TEXT(chksum!C79,"00") -> FF | D79: =TEXT(chksum!D79,"00") -> FC | E79: =TEXT(chksum!E79,"00") -> CC | F79: =TEXT(chksum!F79,"00") -> CC | G79: =TEXT(chksum!G79,"00") -> 00 | H79: =TEXT(chksum!H79,"00") -> 00 | I79: =TEXT(chksum!I79,"00") -> 00 | ... R79: =TEXT(chksum!R79,"00") -> 55 | T79: =_xlfn.TEXTJOIN(" ", TRUE, A79:R79) -> C460 00 FF FC CC CC 00 00 00 00 00 FF 00 00 FF FE C6 55
A80: =chksum!A80 -> C470 | B80: =TEXT(chksum!B80,"00") -> C6 | C80: =TEXT(chksum!C80,"00") -> 00 | D80: =TEXT(chksum!D80,"00") -> 00 | E80: =TEXT(chksum!E80,"00") -> 00 | F80: =TEXT(chksum!F80,"00") -> 00 | G80: =TEXT(chksum!G80,"00") -> 00 | H80: =TEXT(chksum!H80,"00") -> FF | I80: =TEXT(chksum!I80,"00") -> 00 | ... R80: =TEXT(chksum!R80,"00") -> 49 | T80: =_xlfn.TEXTJOIN(" ", TRUE, A80:R80) -> C470 C6 00 00 00 00 00 FF 00 00 FF FF C3 C3 00 00 00 49
A81: =chksum!A81 -> C480 | B81: =TEXT(chksum!B81,"00") -> 00 | C81: =TEXT(chksum!C81,"00") -> 00 | D81: =TEXT(chksum!D81,"00") -> FF | E81: =TEXT(chksum!E81,"00") -> 00 | F81: =TEXT(chksum!F81,"00") -> 00 | G81: =TEXT(chksum!G81,"00") -> FF | H81: =TEXT(chksum!H81,"00") -> 0F | I81: =TEXT(chksum!I81,"00") -> 08 | ... R81: =TEXT(chksum!R81,"00") -> 0B | T81: =_xlfn.TEXTJOIN(" ", TRUE, A81:R81) -> C480 00 00 FF 00 00 FF 0F 08 F8 FF 00 00 00 00 FF 00 0B
A82: =chksum!A82 -> C490 | B82: =TEXT(chksum!B82,"00") -> 00 | C82: =TEXT(chksum!C82,"00") -> FF | D82: =TEXT(chksum!D82,"00") -> 0F | E82: =TEXT(chksum!E82,"00") -> 08 | F82: =TEXT(chksum!F82,"00") -> F8 | G82: =TEXT(chksum!G82,"00") -> FF | H82: =TEXT(chksum!H82,"00") -> 00 | I82: =TEXT(chksum!I82,"00") -> 00 | ... R82: =TEXT(chksum!R82,"00") -> 22 | T82: =_xlfn.TEXTJOIN(" ", TRUE, A82:R82) -> C490 00 FF 0F 08 F8 FF 00 00 00 00 FF 00 00 FF 0F 08 22
A83: =chksum!A83 -> C4A0 | B83: =TEXT(chksum!B83,"00") -> F8 | C83: =TEXT(chksum!C83,"00") -> FF | D83: =TEXT(chksum!D83,"00") -> 00 | E83: =TEXT(chksum!E83,"00") -> 00 | F83: =TEXT(chksum!F83,"00") -> 00 | G83: =TEXT(chksum!G83,"00") -> 00 | H83: =TEXT(chksum!H83,"00") -> FF | I83: =TEXT(chksum!I83,"00") -> 00 | ... R83: =TEXT(chksum!R83,"00") -> 03 | T83: =_xlfn.TEXTJOIN(" ", TRUE, A83:R83) -> C4A0 F8 FF 00 00 00 00 FF 00 00 FF 0F 08 F8 FF 00 00 03
A84: =chksum!A84 -> C4B0 | B84: =TEXT(chksum!B84,"00") -> 00 | C84: =TEXT(chksum!C84,"00") -> 00 | D84: =TEXT(chksum!D84,"00") -> FF | E84: =TEXT(chksum!E84,"00") -> 00 | F84: =TEXT(chksum!F84,"00") -> 00 | G84: =TEXT(chksum!G84,"00") -> FF | H84: =TEXT(chksum!H84,"00") -> 0F | I84: =TEXT(chksum!I84,"00") -> 08 | ... R84: =TEXT(chksum!R84,"00") -> 0B | T84: =_xlfn.TEXTJOIN(" ", TRUE, A84:R84) -> C4B0 00 00 FF 00 00 FF 0F 08 F8 FF 00 00 00 00 FF 00 0B
... A88: =chksum!A88 -> C4F0 | B88: =TEXT(chksum!B88,"00") -> 01 | C88: =TEXT(chksum!C88,"00") -> FF | D88: =TEXT(chksum!D88,"00") -> FF | E88: =TEXT(chksum!E88,"00") -> C0 | F88: =TEXT(chksum!F88,"00") -> C0 | G88: =TEXT(chksum!G88,"00") -> FF | H88: =TEXT(chksum!H88,"00") -> 00 | I88: =TEXT(chksum!I88,"00") -> 00 | ... R88: =TEXT(chksum!R88,"00") -> 81 | T88: =_xlfn.TEXTJOIN(" ", TRUE, A88:R88) -> C4F0 01 FF FF C0 C0 FF 00 00 00 00 FF 03 03 FF FF 00 81
A89: =REPT(" ",4) | B89: =TEXT(chksum!B89,"00") -> 2A | C89: =TEXT(chksum!C89,"00") -> F8 | D89: =TEXT(chksum!D89,"00") -> F4 | E89: =TEXT(chksum!E89,"00") -> 7C | F89: =TEXT(chksum!F89,"00") -> 5C | G89: =TEXT(chksum!G89,"00") -> F8 | H89: =TEXT(chksum!H89,"00") -> 34 | I89: =TEXT(chksum!I89,"00") -> FD | ... R89: =TEXT(chksum!R89,"00") -> 2E | T89: =_xlfn.TEXTJOIN(" ", TRUE, A89:R89) -> 2A F8 F4 7C 5C F8 34 FD 9D F8 DF 77 47 F8 96 57 2E
T90: =_xlfn.TEXTJOIN(" ", TRUE, A90:R90)
A91: =chksum!A91 -> C500 | B91: =TEXT(chksum!B91,"00") -> 00 | C91: =TEXT(chksum!C91,"00") -> FF | D91: =TEXT(chksum!D91,"00") -> 00 | E91: =TEXT(chksum!E91,"00") -> 00 | F91: =TEXT(chksum!F91,"00") -> FF | G91: =TEXT(chksum!G91,"00") -> FF | H91: =TEXT(chksum!H91,"00") -> FF | I91: =TEXT(chksum!I91,"00") -> FF | ... R91: =TEXT(chksum!R91,"00") -> F1 | T91: =_xlfn.TEXTJOIN(" ", TRUE, A91:R91) -> C500 00 FF 00 00 FF FF FF FF FC FC FF 00 00 FF 00 00 F1
A92: =chksum!A92 -> C510 | B92: =TEXT(chksum!B92,"00") -> FF | C92: =TEXT(chksum!C92,"00") -> 80 | D92: =TEXT(chksum!D92,"00") -> 80 | E92: =TEXT(chksum!E92,"00") -> FF | F92: =TEXT(chksum!F92,"00") -> 00 | G92: =TEXT(chksum!G92,"00") -> 00 | H92: =TEXT(chksum!H92,"00") -> FF | I92: =TEXT(chksum!I92,"00") -> 00 | ... R92: =TEXT(chksum!R92,"00") -> FA | T92: =_xlfn.TEXTJOIN(" ", TRUE, A92:R92) -> C510 FF 80 80 FF 00 00 FF 00 00 FF 00 00 FF 80 80 FF FA
A93: =chksum!A93 -> C520 | B93: =TEXT(chksum!B93,"00") -> 00 | C93: =TEXT(chksum!C93,"00") -> 00 | D93: =TEXT(chksum!D93,"00") -> FF | E93: =TEXT(chksum!E93,"00") -> 00 | F93: =TEXT(chksum!F93,"00") -> 00 | G93: =TEXT(chksum!G93,"00") -> FF | H93: =TEXT(chksum!H93,"00") -> 00 | I93: =TEXT(chksum!I93,"00") -> 00 | ... R93: =TEXT(chksum!R93,"00") -> F6 | T93: =_xlfn.TEXTJOIN(" ", TRUE, A93:R93) -> C520 00 00 FF 00 00 FF 00 00 FF FF FF FF FF FF FF FF F6
A94: =chksum!A94 -> C530 | B94: =TEXT(chksum!B94,"00") -> FF | C94: =TEXT(chksum!C94,"00") -> FF | D94: =TEXT(chksum!D94,"00") -> FF | E94: =TEXT(chksum!E94,"00") -> FF | F94: =TEXT(chksum!F94,"00") -> FF | G94: =TEXT(chksum!G94,"00") -> FF | H94: =TEXT(chksum!H94,"00") -> FF | I94: =TEXT(chksum!I94,"00") -> FF | ... R94: =TEXT(chksum!R94,"00") -> F0 | T94: =_xlfn.TEXTJOIN(" ", TRUE, A94:R94) -> C530 FF FF FF FF FF FF FF FF FF FF FF FF FF FF FF FF F0
A95: =chksum!A95 -> C540 | B95: =TEXT(chksum!B95,"00") -> FF | C95: =TEXT(chksum!C95,"00") -> 00 | D95: =TEXT(chksum!D95,"00") -> 00 | E95: =TEXT(chksum!E95,"00") -> FF | F95: =TEXT(chksum!F95,"00") -> 10 | G95: =TEXT(chksum!G95,"00") -> 1F | H95: =TEXT(chksum!H95,"00") -> C0 | I95: =TEXT(chksum!I95,"00") -> 00 | ... R95: =TEXT(chksum!R95,"00") -> E9 | T95: =_xlfn.TEXTJOIN(" ", TRUE, A95:R95) -> C540 FF 00 00 FF 10 1F C0 00 FF 00 00 FF FF 00 00 FF E9
A96: =chksum!A96 -> C550 | B96: =TEXT(chksum!B96,"00") -> 10 | C96: =TEXT(chksum!C96,"00") -> 1F | D96: =TEXT(chksum!D96,"00") -> C0 | E96: =TEXT(chksum!E96,"00") -> 00 | F96: =TEXT(chksum!F96,"00") -> FF | G96: =TEXT(chksum!G96,"00") -> 00 | H96: =TEXT(chksum!H96,"00") -> 00 | I96: =TEXT(chksum!I96,"00") -> FF | ... R96: =TEXT(chksum!R96,"00") -> DA | T96: =_xlfn.TEXTJOIN(" ", TRUE, A96:R96) -> C550 10 1F C0 00 FF 00 00 FF FF 00 00 FF 10 1F C0 00 DA
A97: =chksum!A97 -> C560 | B97: =TEXT(chksum!B97,"00") -> FF | C97: =TEXT(chksum!C97,"00") -> 00 | D97: =TEXT(chksum!D97,"00") -> 00 | E97: =TEXT(chksum!E97,"00") -> FF | F97: =TEXT(chksum!F97,"00") -> FF | G97: =TEXT(chksum!G97,"00") -> 00 | H97: =TEXT(chksum!H97,"00") -> 00 | I97: =TEXT(chksum!I97,"00") -> FF | ... R97: =TEXT(chksum!R97,"00") -> E9 | T97: =_xlfn.TEXTJOIN(" ", TRUE, A97:R97) -> C560 FF 00 00 FF FF 00 00 FF 10 1F C0 00 FF 00 00 FF E9
A98: =chksum!A98 -> C570 | B98: =TEXT(chksum!B98,"00") -> FF | C98: =TEXT(chksum!C98,"00") -> 00 | D98: =TEXT(chksum!D98,"00") -> 00 | E98: =TEXT(chksum!E98,"00") -> FF | F98: =TEXT(chksum!F98,"00") -> 10 | G98: =TEXT(chksum!G98,"00") -> 1F | H98: =TEXT(chksum!H98,"00") -> C0 | I98: =TEXT(chksum!I98,"00") -> 00 | ... R98: =TEXT(chksum!R98,"00") -> E9 | T98: =_xlfn.TEXTJOIN(" ", TRUE, A98:R98) -> C570 FF 00 00 FF 10 1F C0 00 FF 00 00 FF FF 00 00 FF E9
A99: =chksum!A99 -> C580 | B99: =TEXT(chksum!B99,"00") -> 10 | C99: =TEXT(chksum!C99,"00") -> 1F | D99: =TEXT(chksum!D99,"00") -> C0 | E99: =TEXT(chksum!E99,"00") -> 00 | F99: =TEXT(chksum!F99,"00") -> FF | G99: =TEXT(chksum!G99,"00") -> 00 | H99: =TEXT(chksum!H99,"00") -> 00 | I99: =TEXT(chksum!I99,"00") -> FF | ... R99: =TEXT(chksum!R99,"00") -> 02 | T99: =_xlfn.TEXTJOIN(" ", TRUE, A99:R99) -> C580 10 1F C0 00 FF 00 00 FF FF 00 00 FF 18 1F E0 00 02
A100: =chksum!A100 -> C590 | B100: =TEXT(chksum!B100,"00") -> FF | C100: =TEXT(chksum!C100,"00") -> 00 | D100: =TEXT(chksum!D100,"00") -> 00 | E100: =TEXT(chksum!E100,"00") -> FF | F100: =TEXT(chksum!F100,"00") -> FF | G100: =TEXT(chksum!G100,"00") -> 00 | H100: =TEXT(chksum!H100,"00") -> 00 | I100: =TEXT(chksum!I100,"00") -> FF | ... R100: =TEXT(chksum!R100,"00") -> F1 | T100: =_xlfn.TEXTJOIN(" ", TRUE, A100:R100) -> C590 FF 00 00 FF FF 00 00 FF 08 0F E0 00 FF 00 00 FF F1
A101: =chksum!A101 -> C5A0 | B101: =TEXT(chksum!B101,"00") -> FF | C101: =TEXT(chksum!C101,"00") -> 00 | D101: =TEXT(chksum!D101,"00") -> 00 | E101: =TEXT(chksum!E101,"00") -> FF | F101: =TEXT(chksum!F101,"00") -> 0C | G101: =TEXT(chksum!G101,"00") -> 0F | H101: =TEXT(chksum!H101,"00") -> F0 | I101: =TEXT(chksum!I101,"00") -> 00 | ... R101: =TEXT(chksum!R101,"00") -> 05 | T101: =_xlfn.TEXTJOIN(" ", TRUE, A101:R101) -> C5A0 FF 00 00 FF 0C 0F F0 00 FF 00 00 FF FF 00 00 FF 05
A102: =chksum!A102 -> C5B0 | B102: =TEXT(chksum!B102,"00") -> 03 | C102: =TEXT(chksum!C102,"00") -> 03 | D102: =TEXT(chksum!D102,"00") -> FE | E102: =TEXT(chksum!E102,"00") -> 80 | F102: =TEXT(chksum!F102,"00") -> FF | G102: =TEXT(chksum!G102,"00") -> 00 | H102: =TEXT(chksum!H102,"00") -> 00 | I102: =TEXT(chksum!I102,"00") -> FF | ... R102: =TEXT(chksum!R102,"00") -> 3F | T102: =_xlfn.TEXTJOIN(" ", TRUE, A102:R102) -> C5B0 03 03 FE 80 FF 00 00 FF FF 00 00 FF 00 00 FF C0 3F
... A106: =chksum!A106 -> C5F0 | B106: =TEXT(chksum!B106,"00") -> FF | C106: =TEXT(chksum!C106,"00") -> FF | D106: =TEXT(chksum!D106,"00") -> FF | E106: =TEXT(chksum!E106,"00") -> FF | F106: =TEXT(chksum!F106,"00") -> FF | G106: =TEXT(chksum!G106,"00") -> FF | H106: =TEXT(chksum!H106,"00") -> FF | I106: =TEXT(chksum!I106,"00") -> FF | ... R106: =TEXT(chksum!R106,"00") -> F0 | T106: =_xlfn.TEXTJOIN(" ", TRUE, A106:R106) -> C5F0 FF FF FF FF FF FF FF FF FF FF FF FF FF FF FF FF F0
A107: =REPT(" ",4) | B107: =TEXT(chksum!B107,"00") -> 19 | C107: =TEXT(chksum!C107,"00") -> 9E | D107: =TEXT(chksum!D107,"00") -> FA | E107: =TEXT(chksum!E107,"00") -> 76 | F107: =TEXT(chksum!F107,"00") -> 23 | G107: =TEXT(chksum!G107,"00") -> 48 | H107: =TEXT(chksum!H107,"00") -> 6B | I107: =TEXT(chksum!I107,"00") -> F7 | ... R107: =TEXT(chksum!R107,"00") -> D3 | T107: =_xlfn.TEXTJOIN(" ", TRUE, A107:R107) -> 19 9E FA 76 23 48 6B F7 0A 24 9A 35 5C B8 1A B4 D3
T108: =_xlfn.TEXTJOIN(" ", TRUE, A108:R108)
A109: =chksum!A109 -> C600 | B109: =TEXT(chksum!B109,"00") -> 00 | C109: =TEXT(chksum!C109,"00") -> 00 | D109: =TEXT(chksum!D109,"00") -> FF | E109: =TEXT(chksum!E109,"00") -> 01 | F109: =TEXT(chksum!F109,"00") -> 01 | G109: =TEXT(chksum!G109,"00") -> FF | H109: =TEXT(chksum!H109,"00") -> FF | I109: =TEXT(chksum!I109,"00") -> 83 | ... R109: =TEXT(chksum!R109,"00") -> 05 | T109: =_xlfn.TEXTJOIN(" ", TRUE, A109:R109) -> C600 00 00 FF 01 01 FF FF 83 83 00 00 00 00 00 FF 01 05
A110: =chksum!A110 -> C610 | B110: =TEXT(chksum!B110,"00") -> 01 | C110: =TEXT(chksum!C110,"00") -> FF | D110: =TEXT(chksum!D110,"00") -> FF | E110: =TEXT(chksum!E110,"00") -> 81 | F110: =TEXT(chksum!F110,"00") -> 81 | G110: =TEXT(chksum!G110,"00") -> 80 | H110: =TEXT(chksum!H110,"00") -> 80 | I110: =TEXT(chksum!I110,"00") -> 80 | ... R110: =TEXT(chksum!R110,"00") -> 81 | T110: =_xlfn.TEXTJOIN(" ", TRUE, A110:R110) -> C610 01 FF FF 81 81 80 80 80 00 00 FF 01 01 FF FF 01 81
A111: =chksum!A111 -> C620 | B111: =TEXT(chksum!B111,"00") -> 01 | C111: =TEXT(chksum!C111,"00") -> 80 | D111: =TEXT(chksum!D111,"00") -> 80 | E111: =TEXT(chksum!E111,"00") -> 80 | F111: =TEXT(chksum!F111,"00") -> 00 | G111: =TEXT(chksum!G111,"00") -> 00 | H111: =TEXT(chksum!H111,"00") -> FF | I111: =TEXT(chksum!I111,"00") -> 03 | ... R111: =TEXT(chksum!R111,"00") -> C4 | T111: =_xlfn.TEXTJOIN(" ", TRUE, A111:R111) -> C620 01 80 80 80 00 00 FF 03 03 FF FF 00 00 C0 C0 C0 C4
A112: =chksum!A112 -> C630 | B112: =TEXT(chksum!B112,"00") -> 00 | C112: =TEXT(chksum!C112,"00") -> 00 | D112: =TEXT(chksum!D112,"00") -> FF | E112: =TEXT(chksum!E112,"00") -> 03 | F112: =TEXT(chksum!F112,"00") -> 03 | G112: =TEXT(chksum!G112,"00") -> FF | H112: =TEXT(chksum!H112,"00") -> FF | I112: =TEXT(chksum!I112,"00") -> 00 | ... R112: =TEXT(chksum!R112,"00") -> A9 | T112: =_xlfn.TEXTJOIN(" ", TRUE, A112:R112) -> C630 00 00 FF 03 03 FF FF 00 00 E0 60 60 00 00 FF 07 A9
A113: =chksum!A113 -> C640 | B113: =TEXT(chksum!B113,"00") -> 06 | C113: =TEXT(chksum!C113,"00") -> FF | D113: =TEXT(chksum!D113,"00") -> FF | E113: =TEXT(chksum!E113,"00") -> 00 | F113: =TEXT(chksum!F113,"00") -> 00 | G113: =TEXT(chksum!G113,"00") -> E0 | H113: =TEXT(chksum!H113,"00") -> 60 | I113: =TEXT(chksum!I113,"00") -> 60 | ... R113: =TEXT(chksum!R113,"00") -> B9 | T113: =_xlfn.TEXTJOIN(" ", TRUE, A113:R113) -> C640 06 FF FF 00 00 E0 60 60 00 00 FF 0F 0C FC FF 00 B9
A114: =chksum!A114 -> C650 | B114: =TEXT(chksum!B114,"00") -> 00 | C114: =TEXT(chksum!C114,"00") -> F0 | D114: =TEXT(chksum!D114,"00") -> 30 | E114: =TEXT(chksum!E114,"00") -> 30 | F114: =TEXT(chksum!F114,"00") -> 00 | G114: =TEXT(chksum!G114,"00") -> 00 | H114: =TEXT(chksum!H114,"00") -> FF | I114: =TEXT(chksum!I114,"00") -> 1F | ... R114: =TEXT(chksum!R114,"00") -> A9 | T114: =_xlfn.TEXTJOIN(" ", TRUE, A114:R114) -> C650 00 F0 30 30 00 00 FF 1F 18 FC FF 00 00 F8 18 18 A9
A115: =chksum!A115 -> C660 | B115: =TEXT(chksum!B115,"00") -> 00 | C115: =TEXT(chksum!C115,"00") -> 00 | D115: =TEXT(chksum!D115,"00") -> FF | E115: =TEXT(chksum!E115,"00") -> 3F | F115: =TEXT(chksum!F115,"00") -> 30 | G115: =TEXT(chksum!G115,"00") -> F0 | H115: =TEXT(chksum!H115,"00") -> FF | I115: =TEXT(chksum!I115,"00") -> 00 | ... R115: =TEXT(chksum!R115,"00") -> 83 | T115: =_xlfn.TEXTJOIN(" ", TRUE, A115:R115) -> C660 00 00 FF 3F 30 F0 FF 00 00 F8 18 18 00 00 FF FF 83
A116: =chksum!A116 -> C670 | B116: =TEXT(chksum!B116,"00") -> E0 | C116: =TEXT(chksum!C116,"00") -> E0 | D116: =TEXT(chksum!D116,"00") -> FF | E116: =TEXT(chksum!E116,"00") -> 00 | F116: =TEXT(chksum!F116,"00") -> 00 | G116: =TEXT(chksum!G116,"00") -> FC | H116: =TEXT(chksum!H116,"00") -> 0C | I116: =TEXT(chksum!I116,"00") -> 0C | ... R116: =TEXT(chksum!R116,"00") -> EE | T116: =_xlfn.TEXTJOIN(" ", TRUE, A116:R116) -> C670 E0 E0 FF 00 00 FC 0C 0C 0F 0F FF FF 80 80 FF 00 EE
A117: =chksum!A117 -> C680 | B117: =TEXT(chksum!B117,"00") -> 00 | C117: =TEXT(chksum!C117,"00") -> FE | D117: =TEXT(chksum!D117,"00") -> 06 | E117: =TEXT(chksum!E117,"00") -> 06 | F117: =TEXT(chksum!F117,"00") -> FF | G117: =TEXT(chksum!G117,"00") -> F8 | H117: =TEXT(chksum!H117,"00") -> F8 | I117: =TEXT(chksum!I117,"00") -> FF | ... R117: =TEXT(chksum!R117,"00") -> 01 | T117: =_xlfn.TEXTJOIN(" ", TRUE, A117:R117) -> C680 00 FE 06 06 FF F8 F8 FF 00 00 FF 00 00 FE 06 06 01
A118: =chksum!A118 -> C690 | B118: =TEXT(chksum!B118,"00") -> FF | C118: =TEXT(chksum!C118,"00") -> 00 | D118: =TEXT(chksum!D118,"00") -> 00 | E118: =TEXT(chksum!E118,"00") -> FF | F118: =TEXT(chksum!F118,"00") -> 00 | G118: =TEXT(chksum!G118,"00") -> 00 | H118: =TEXT(chksum!H118,"00") -> FF | I118: =TEXT(chksum!I118,"00") -> 00 | ... R118: =TEXT(chksum!R118,"00") -> 00 | T118: =_xlfn.TEXTJOIN(" ", TRUE, A118:R118) -> C690 FF 00 00 FF 00 00 FF 00 00 FF 03 03 FF 00 00 FF 00
...

Sheet chksum
A1: =data!A1 -> C000 | B1: =data!B1 -> FF | C1: =data!C1 -> FF | D1: =data!D1 -> FF | E1: =data!E1 -> FF | F1: =data!F1 -> FF | G1: =data!G1 -> FF | H1: =data!H1 -> FF | ... Q1: =data!Q1 -> FF | R1: =DEC2HEX(DEC!$R1,2) -> F0
A2: =data!A2 -> C010 | B2: =data!B2 -> FF | C2: =data!C2 -> FF | D2: =data!D2 -> FF | E2: =data!E2 -> FF | F2: =data!F2 -> FF | G2: =data!G2 -> FF | H2: =data!H2 -> FF | ... Q2: =data!Q2 -> 0 | R2: =DEC2HEX(DEC!$R2,2) -> F5
A3: =data!A3 -> C020 | B3: =data!B3 -> 0 | C3: =data!C3 -> FF | D3: =data!D3 -> 0 | E3: =data!E3 -> 0 | F3: =data!F3 -> FF | G3: =data!G3 -> 80 | H3: =data!H3 -> 80 | ... Q3: =data!Q3 -> 0 | R3: =DEC2HEX(DEC!$R3,2) -> FB
A4: =data!A4 -> C030 | B4: =data!B4 -> FF | C4: =data!C4 -> FF | D4: =data!D4 -> FF | E4: =data!E4 -> FF | F4: =data!F4 -> FC | G4: =data!G4 -> FC | H4: =data!H4 -> FF | ... Q4: =data!Q4 -> 3 | R4: =DEC2HEX(DEC!$R4,2) -> F4
A5: =data!A5 -> C040 | B5: =data!B5 -> 3 | C5: =data!C5 -> FF | D5: =data!D5 -> FF | E5: =data!E5 -> 0 | F5: =data!F5 -> 0 | G5: =data!G5 -> FF | H5: =data!H5 -> 0 | ... Q5: =data!Q5 -> C0 | R5: =DEC2HEX(DEC!$R5,2) -> BF
A6: =data!A6 -> C050 | B6: =data!B6 -> C0 | C6: =data!C6 -> FF | D6: =data!D6 -> 0 | E6: =data!E6 -> 0 | F6: =data!F6 -> 0 | G6: =data!G6 -> 0 | H6: =data!H6 -> FF | ... Q6: =data!Q6 -> 0 | R6: =DEC2HEX(DEC!$R6,2) -> 1B
A7: =data!A7 -> C060 | B7: =data!B7 -> 0 | C7: =data!C7 -> 0 | D7: =data!D7 -> FF | E7: =data!E7 -> 0 | F7: =data!F7 -> 0 | G7: =data!G7 -> FF | H7: =data!H7 -> 1F | ... Q7: =data!Q7 -> 0 | R7: =DEC2HEX(DEC!$R7,2) -> 1B
A8: =data!A8 -> C070 | B8: =data!B8 -> 0 | C8: =data!C8 -> FF | D8: =data!D8 -> 1F | E8: =data!E8 -> 18 | F8: =data!F8 -> F8 | G8: =data!G8 -> FF | H8: =data!H8 -> 0 | ... Q8: =data!Q8 -> 8 | R8: =DEC2HEX(DEC!$R8,2) -> 42
A9: =data!A9 -> C080 | B9: =data!B9 -> F8 | C9: =data!C9 -> FF | D9: =data!D9 -> 0 | E9: =data!E9 -> 0 | F9: =data!F9 -> 0 | G9: =data!G9 -> 0 | H9: =data!H9 -> FF | ... Q9: =data!Q9 -> 0 | R9: =DEC2HEX(DEC!$R9,2) -> 03
A10: =data!A10 -> C090 | B10: =data!B10 -> 0 | C10: =data!C10 -> 0 | D10: =data!D10 -> FF | E10: =data!E10 -> 0 | F10: =data!F10 -> 0 | G10: =data!G10 -> FF | H10: =data!H10 -> 0F | ... Q10: =data!Q10 -> 0 | R10: =DEC2HEX(DEC!$R10,2) -> 0B
A11: =data!A11 -> C0A0 | B11: =data!B11 -> 0 | C11: =data!C11 -> FF | D11: =data!D11 -> 0F | E11: =data!E11 -> 8 | F11: =data!F11 -> F8 | G11: =data!G11 -> FF | H11: =data!H11 -> 0 | ... Q11: =data!Q11 -> 8 | R11: =DEC2HEX(DEC!$R11,2) -> 22
A12: =data!A12 -> C0B0 | B12: =data!B12 -> F8 | C12: =data!C12 -> FF | D12: =data!D12 -> 0 | E12: =data!E12 -> 0 | F12: =data!F12 -> 0 | G12: =data!G12 -> 0 | H12: =data!H12 -> FF | ... Q12: =data!Q12 -> 0 | R12: =DEC2HEX(DEC!$R12,2) -> 03
... A16: =data!A16 -> C0F0 | B16: =data!B16 -> FF | C16: =data!C16 -> 0 | D16: =data!D16 -> 0 | E16: =data!E16 -> FF | F16: =data!F16 -> 0 | G16: =data!G16 -> 0 | H16: =data!H16 -> FF | ... Q16: =data!Q16 -> FF | R16: =DEC2HEX(DEC!$R16,2) -> 76
B17: =DEC2HEX(DEC!B17,2) -> AD | C17: =DEC2HEX(DEC!C17,2) -> F3 | D17: =DEC2HEX(DEC!D17,2) -> 27 | E17: =DEC2HEX(DEC!E17,2) -> 1B | F17: =DEC2HEX(DEC!F17,2) -> E6 | G17: =DEC2HEX(DEC!G17,2) -> 73 | H17: =DEC2HEX(DEC!H17,2) -> A5 | I17: =DEC2HEX(DEC!I17,2) -> 51 | ... R17: =DEC2HEX(DEC!R17,2) -> 98
A19: =data!A19 -> C100 | B19: =data!B19 -> 0 | C19: =data!C19 -> 0 | D19: =data!D19 -> FF | E19: =data!E19 -> C0 | F19: =data!F19 -> FF | G19: =data!G19 -> E0 | H19: =data!H19 -> 0 | ... Q19: =data!Q19 -> 80 | R19: =DEC2HEX(DEC!$R19) -> 1F
A20: =data!A20 -> C110 | B20: =data!B20 -> FF | C20: =data!C20 -> 0 | D20: =data!D20 -> 0 | E20: =data!E20 -> FF | F20: =data!F20 -> FF | G20: =data!G20 -> 0 | H20: =data!H20 -> 0 | ... Q20: =data!Q20 -> FF | R20: =DEC2HEX(DEC!$R20) -> 5
A21: =data!A21 -> C120 | B21: =data!B21 -> FF | C21: =data!C21 -> 0 | D21: =data!D21 -> 0 | E21: =data!E21 -> FF | F21: =data!F21 -> 8 | G21: =data!G21 -> 0F | H21: =data!H21 -> E0 | ... Q21: =data!Q21 -> FF | R21: =DEC2HEX(DEC!$R21) -> F1
A22: =data!A22 -> C130 | B22: =data!B22 -> 18 | C22: =data!C22 -> 1F | D22: =data!D22 -> E0 | E22: =data!E22 -> 0 | F22: =data!F22 -> FF | G22: =data!G22 -> 0 | H22: =data!H22 -> 0 | ... Q22: =data!Q22 -> 0 | R22: =DEC2HEX(DEC!$R22) -> 2
A23: =data!A23 -> C140 | B23: =data!B23 -> FF | C23: =data!C23 -> 0 | D23: =data!D23 -> 0 | E23: =data!E23 -> FF | F23: =data!F23 -> FF | G23: =data!G23 -> 0 | H23: =data!H23 -> 0 | ... Q23: =data!Q23 -> FF | R23: =DEC2HEX(DEC!$R23) -> E9
A24: =data!A24 -> C150 | B24: =data!B24 -> FF | C24: =data!C24 -> 0 | D24: =data!D24 -> 0 | E24: =data!E24 -> FF | F24: =data!F24 -> 10 | G24: =data!G24 -> 1F | H24: =data!H24 -> C0 | ... Q24: =data!Q24 -> FF | R24: =DEC2HEX(DEC!$R24) -> E9
A25: =data!A25 -> C160 | B25: =data!B25 -> 10 | C25: =data!C25 -> 1F | D25: =data!D25 -> C0 | E25: =data!E25 -> 0 | F25: =data!F25 -> FF | G25: =data!G25 -> 0 | H25: =data!H25 -> 0 | ... Q25: =data!Q25 -> 0 | R25: =DEC2HEX(DEC!$R25) -> DA
A26: =data!A26 -> C170 | B26: =data!B26 -> FF | C26: =data!C26 -> 0 | D26: =data!D26 -> 0 | E26: =data!E26 -> FF | F26: =data!F26 -> FF | G26: =data!G26 -> 0 | H26: =data!H26 -> 0 | ... Q26: =data!Q26 -> FF | R26: =DEC2HEX(DEC!$R26) -> E9
A27: =data!A27 -> C180 | B27: =data!B27 -> 80 | C27: =data!C27 -> 80 | D27: =data!D27 -> 80 | E27: =data!E27 -> 0 | F27: =data!F27 -> 0 | G27: =data!G27 -> 0 | H27: =data!H27 -> 0 | ... Q27: =data!Q27 -> 0 | R27: =DEC2HEX(DEC!$R27) -> C0
A28: =data!A28 -> C190 | B28: =data!B28 -> 0 | C28: =data!C28 -> 0 | D28: =data!D28 -> 0 | E28: =data!E28 -> 0 | F28: =data!F28 -> 0 | G28: =data!G28 -> 0 | H28: =data!H28 -> 0 | ... Q28: =data!Q28 -> 0 | R28: =DEC2HEX(DEC!$R28) -> A0
A29: =data!A29 -> C1A0 | B29: =data!B29 -> 0 | C29: =data!C29 -> 0 | D29: =data!D29 -> 0 | E29: =data!E29 -> 0 | F29: =data!F29 -> 60 | G29: =data!G29 -> 60 | H29: =data!H29 -> E0 | ... Q29: =data!Q29 -> 0 | R29: =DEC2HEX(DEC!$R29) -> A0
A30: =data!A30 -> C1B0 | B30: =data!B30 -> 30 | C30: =data!C30 -> 30 | D30: =data!D30 -> F0 | E30: =data!E30 -> 0 | F30: =data!F30 -> 0 | G30: =data!G30 -> 0 | H30: =data!H30 -> 0 | ... Q30: =data!Q30 -> 0 | R30: =DEC2HEX(DEC!$R30) -> B8
... A34: =data!A34 -> C1F0 | B34: =data!B34 -> 0 | C34: =data!C34 -> 0 | D34: =data!D34 -> 0 | E34: =data!E34 -> 0 | F34: =data!F34 -> 0 | G34: =data!G34 -> 0 | H34: =data!H34 -> 0 | ... Q34: =data!Q34 -> 0 | R34: =DEC2HEX(DEC!$R34) -> 5
B35: =DEC2HEX(DEC!B35,2) -> E1 | C35: =DEC2HEX(DEC!C35,2) -> FC | D35: =DEC2HEX(DEC!D35,2) -> 0D | E35: =DEC2HEX(DEC!E35,2) -> BB | F35: =DEC2HEX(DEC!F35,2) -> 7E | G35: =DEC2HEX(DEC!G35,2) -> 7A | H35: =DEC2HEX(DEC!H35,2) -> 7C | I35: =DEC2HEX(DEC!I35,2) -> FA | ... R35: =DEC2HEX(DEC!R35,2) -> CC
A37: =data!A37 -> C200 | B37: =data!B37 -> 0 | C37: =data!C37 -> 0 | D37: =data!D37 -> 0 | E37: =data!E37 -> 0 | F37: =data!F37 -> 1 | G37: =data!G37 -> 1 | H37: =data!H37 -> FF | ... Q37: =data!Q37 -> 0 | R37: =DEC2HEX(DEC!$R37,2) -> 81
A38: =data!A38 -> C210 | B38: =data!B38 -> 1 | C38: =data!C38 -> 1 | D38: =data!D38 -> FF | E38: =data!E38 -> C0 | F38: =data!F38 -> C0 | G38: =data!G38 -> C0 | H38: =data!H38 -> 0 | ... Q38: =data!Q38 -> E0 | R38: =DEC2HEX(DEC!$R38,2) -> 20
A39: =data!A39 -> C220 | B39: =data!B39 -> E0 | C39: =data!C39 -> E0 | D39: =data!D39 -> 0 | E39: =data!E39 -> 0 | F39: =data!F39 -> 0 | G39: =data!G39 -> 0 | H39: =data!H39 -> 0 | ... Q39: =data!Q39 -> 0 | R39: =DEC2HEX(DEC!$R39,2) -> 5F
A40: =data!A40 -> C230 | B40: =data!B40 -> 0 | C40: =data!C40 -> 0 | D40: =data!D40 -> 0 | E40: =data!E40 -> 0 | F40: =data!F40 -> 0 | G40: =data!G40 -> 0 | H40: =data!H40 -> FF | ... Q40: =data!Q40 -> 0 | R40: =DEC2HEX(DEC!$R40,2) -> 4F
A41: =data!A41 -> C240 | B41: =data!B41 -> 0 | C41: =data!C41 -> 0 | D41: =data!D41 -> FF | E41: =data!E41 -> 0 | F41: =data!F41 -> 0 | G41: =data!G41 -> FF | H41: =data!H41 -> 0F | ... Q41: =data!Q41 -> 0 | R41: =DEC2HEX(DEC!$R41,2) -> 0B
A42: =data!A42 -> C250 | B42: =data!B42 -> 0 | C42: =data!C42 -> FF | D42: =data!D42 -> 0F | E42: =data!E42 -> 8 | F42: =data!F42 -> F8 | G42: =data!G42 -> FF | H42: =data!H42 -> 0 | ... Q42: =data!Q42 -> 8 | R42: =DEC2HEX(DEC!$R42,2) -> 22
A43: =data!A43 -> C260 | B43: =data!B43 -> F8 | C43: =data!C43 -> FF | D43: =data!D43 -> 0 | E43: =data!E43 -> 0 | F43: =data!F43 -> 0 | G43: =data!G43 -> 0 | H43: =data!H43 -> FF | ... Q43: =data!Q43 -> 0 | R43: =DEC2HEX(DEC!$R43,2) -> 03
A44: =data!A44 -> C270 | B44: =data!B44 -> 0 | C44: =data!C44 -> 0 | D44: =data!D44 -> FF | E44: =data!E44 -> 0 | F44: =data!F44 -> 0 | G44: =data!G44 -> FF | H44: =data!H44 -> 0F | ... Q44: =data!Q44 -> 0 | R44: =DEC2HEX(DEC!$R44,2) -> 0B
A45: =data!A45 -> C280 | B45: =data!B45 -> 0 | C45: =data!C45 -> FF | D45: =data!D45 -> 0F | E45: =data!E45 -> 8 | F45: =data!F45 -> F8 | G45: =data!G45 -> FF | H45: =data!H45 -> 0 | ... Q45: =data!Q45 -> 8 | R45: =DEC2HEX(DEC!$R45,2) -> 22
A46: =data!A46 -> C290 | B46: =data!B46 -> F8 | C46: =data!C46 -> FF | D46: =data!D46 -> 0 | E46: =data!E46 -> 0 | F46: =data!F46 -> 0 | G46: =data!G46 -> 0 | H46: =data!H46 -> FF | ... Q46: =data!Q46 -> 0 | R46: =DEC2HEX(DEC!$R46,2) -> 03
A47: =data!A47 -> C2A0 | B47: =data!B47 -> 0 | C47: =data!C47 -> 0 | D47: =data!D47 -> FF | E47: =data!E47 -> 0 | F47: =data!F47 -> 0 | G47: =data!G47 -> FF | H47: =data!H47 -> 0F | ... Q47: =data!Q47 -> 0 | R47: =DEC2HEX(DEC!$R47,2) -> 0B
A48: =data!A48 -> C2B0 | B48: =data!B48 -> 0 | C48: =data!C48 -> FF | D48: =data!D48 -> 0F | E48: =data!E48 -> 8 | F48: =data!F48 -> F8 | G48: =data!G48 -> FF | H48: =data!H48 -> 0 | ... Q48: =data!Q48 -> 8 | R48: =DEC2HEX(DEC!$R48,2) -> 22
... A52: =data!A52 -> C2F0 | B52: =data!B52 -> F8 | C52: =data!C52 -> FF | D52: =data!D52 -> 0 | E52: =data!E52 -> 0 | F52: =data!F52 -> 0 | G52: =data!G52 -> 0 | H52: =data!H52 -> FF | ... Q52: =data!Q52 -> 0 | R52: =DEC2HEX(DEC!$R52,2) -> 03
B53: =DEC2HEX(DEC!B53,2) -> C1 | C53: =DEC2HEX(DEC!C53,2) -> D9 | D53: =DEC2HEX(DEC!D53,2) -> 37 | E53: =DEC2HEX(DEC!E53,2) -> E0 | F53: =DEC2HEX(DEC!F53,2) -> A1 | G53: =DEC2HEX(DEC!G53,2) -> B9 | H53: =DEC2HEX(DEC!H53,2) -> 36 | I53: =DEC2HEX(DEC!I53,2) -> D0 | ... R53: =DEC2HEX(DEC!R53,2) -> 0F
A55: =data!A55 -> C300 | B55: =data!B55 -> FF | C55: =data!C55 -> 0 | D55: =data!D55 -> 0 | E55: =data!E55 -> FF | F55: =data!F55 -> 10 | G55: =data!G55 -> 1F | H55: =data!H55 -> C0 | ... Q55: =data!Q55 -> FF | R55: =DEC2HEX(DEC!$R55,2) -> E9
A56: =data!A56 -> C310 | B56: =data!B56 -> 10 | C56: =data!C56 -> 1F | D56: =data!D56 -> C0 | E56: =data!E56 -> 0 | F56: =data!F56 -> FF | G56: =data!G56 -> 0 | H56: =data!H56 -> 0 | ... Q56: =data!Q56 -> 0 | R56: =DEC2HEX(DEC!$R56,2) -> DA
A57: =data!A57 -> C320 | B57: =data!B57 -> FF | C57: =data!C57 -> 0 | D57: =data!D57 -> 0 | E57: =data!E57 -> FF | F57: =data!F57 -> FF | G57: =data!G57 -> 0 | H57: =data!H57 -> 0 | ... Q57: =data!Q57 -> FF | R57: =DEC2HEX(DEC!$R57,2) -> E9
A58: =data!A58 -> C330 | B58: =data!B58 -> FF | C58: =data!C58 -> 0 | D58: =data!D58 -> 0 | E58: =data!E58 -> FF | F58: =data!F58 -> 10 | G58: =data!G58 -> 1F | H58: =data!H58 -> C0 | ... Q58: =data!Q58 -> FF | R58: =DEC2HEX(DEC!$R58,2) -> E9
A59: =data!A59 -> C340 | B59: =data!B59 -> 10 | C59: =data!C59 -> 1F | D59: =data!D59 -> C0 | E59: =data!E59 -> 0 | F59: =data!F59 -> FF | G59: =data!G59 -> 0 | H59: =data!H59 -> 0 | ... Q59: =data!Q59 -> 0 | R59: =DEC2HEX(DEC!$R59,2) -> DA
A60: =data!A60 -> C350 | B60: =data!B60 -> FF | C60: =data!C60 -> 0 | D60: =data!D60 -> 0 | E60: =data!E60 -> FF | F60: =data!F60 -> FF | G60: =data!G60 -> 0 | H60: =data!H60 -> 0 | ... Q60: =data!Q60 -> FF | R60: =DEC2HEX(DEC!$R60,2) -> E9
A61: =data!A61 -> C360 | B61: =data!B61 -> FF | C61: =data!C61 -> 0 | D61: =data!D61 -> 0 | E61: =data!E61 -> FF | F61: =data!F61 -> 10 | G61: =data!G61 -> 1F | H61: =data!H61 -> C0 | ... Q61: =data!Q61 -> FF | R61: =DEC2HEX(DEC!$R61,2) -> E9
A62: =data!A62 -> C370 | B62: =data!B62 -> 10 | C62: =data!C62 -> 1F | D62: =data!D62 -> C0 | E62: =data!E62 -> 0 | F62: =data!F62 -> FF | G62: =data!G62 -> 0 | H62: =data!H62 -> 0 | ... Q62: =data!Q62 -> 0 | R62: =DEC2HEX(DEC!$R62,2) -> DA
A63: =data!A63 -> C380 | B63: =data!B63 -> FF | C63: =data!C63 -> 0 | D63: =data!D63 -> 0 | E63: =data!E63 -> FF | F63: =data!F63 -> FF | G63: =data!G63 -> 0 | H63: =data!H63 -> 0 | ... Q63: =data!Q63 -> FF | R63: =DEC2HEX(DEC!$R63,2) -> E9
A64: =data!A64 -> C390 | B64: =data!B64 -> FF | C64: =data!C64 -> 0 | D64: =data!D64 -> 0 | E64: =data!E64 -> FF | F64: =data!F64 -> 10 | G64: =data!G64 -> 1F | H64: =data!H64 -> C0 | ... Q64: =data!Q64 -> FF | R64: =DEC2HEX(DEC!$R64,2) -> E9
A65: =data!A65 -> C3A0 | B65: =data!B65 -> 10 | C65: =data!C65 -> 1F | D65: =data!D65 -> C0 | E65: =data!E65 -> 0 | F65: =data!F65 -> FF | G65: =data!G65 -> 0 | H65: =data!H65 -> 0 | ... Q65: =data!Q65 -> 0 | R65: =DEC2HEX(DEC!$R65,2) -> DA
A66: =data!A66 -> C3B0 | B66: =data!B66 -> FF | C66: =data!C66 -> 0 | D66: =data!D66 -> 0 | E66: =data!E66 -> FF | F66: =data!F66 -> FF | G66: =data!G66 -> 0 | H66: =data!H66 -> 0 | ... Q66: =data!Q66 -> FF | R66: =DEC2HEX(DEC!$R66,2) -> E9
... A70: =data!A70 -> C3F0 | B70: =data!B70 -> 0 | C70: =data!C70 -> 0 | D70: =data!D70 -> FF | E70: =data!E70 -> 6 | F70: =data!F70 -> 6 | G70: =data!G70 -> FE | H70: =data!H70 -> 0 | ... Q70: =data!Q70 -> 3 | R70: =DEC2HEX(DEC!$R70,2) -> 0B
B71: =DEC2HEX(DEC!B71,2) -> 50 | C71: =DEC2HEX(DEC!C71,2) -> 74 | D71: =DEC2HEX(DEC!D71,2) -> FE | E71: =DEC2HEX(DEC!E71,2) -> 2E | F71: =DEC2HEX(DEC!F71,2) -> 6E | G71: =DEC2HEX(DEC!G71,2) -> 6A | H71: =DEC2HEX(DEC!H71,2) -> FF | I71: =DEC2HEX(DEC!I71,2) -> FE | ... R71: =DEC2HEX(DEC!R71,2) -> 4D
A73: =data!A73 -> C400 | B73: =data!B73 -> 3 | C73: =data!C73 -> FF | D73: =data!D73 -> 0 | E73: =data!E73 -> 0 | F73: =data!F73 -> 0 | G73: =data!G73 -> 0 | H73: =data!H73 -> 0 | ... Q73: =data!Q73 -> 80 | R73: =DEC2HEX(DEC!$R73,2) -> 02
A74: =data!A74 -> C410 | B74: =data!B74 -> 80 | C74: =data!C74 -> 0 | D74: =data!D74 -> 0 | E74: =data!E74 -> 0 | F74: =data!F74 -> 0 | G74: =data!G74 -> 0 | H74: =data!H74 -> FF | ... Q74: =data!Q74 -> 0 | R74: =DEC2HEX(DEC!$R74,2) -> C0
A75: =data!A75 -> C420 | B75: =data!B75 -> 0 | C75: =data!C75 -> 0 | D75: =data!D75 -> FF | E75: =data!E75 -> 0 | F75: =data!F75 -> 0 | G75: =data!G75 -> FF | H75: =data!H75 -> E0 | ... Q75: =data!Q75 -> 0 | R75: =DEC2HEX(DEC!$R75,2) -> 9D
A76: =data!A76 -> C430 | B76: =data!B76 -> 0 | C76: =data!C76 -> FF | D76: =data!D76 -> E0 | E76: =data!E76 -> E0 | F76: =data!F76 -> E0 | G76: =data!G76 -> 0 | H76: =data!H76 -> 0 | ... Q76: =data!Q76 -> F0 | R76: =DEC2HEX(DEC!$R76,2) -> 7D
A77: =data!A77 -> C440 | B77: =data!B77 -> F0 | C77: =data!C77 -> 0 | D77: =data!D77 -> 0 | E77: =data!E77 -> 0 | F77: =data!F77 -> 0 | G77: =data!G77 -> 0 | H77: =data!H77 -> FF | ... Q77: =data!Q77 -> 0 | R77: =DEC2HEX(DEC!$R77,2) -> 96
A78: =data!A78 -> C450 | B78: =data!B78 -> 0 | C78: =data!C78 -> 0 | D78: =data!D78 -> FF | E78: =data!E78 -> 0 | F78: =data!F78 -> 0 | G78: =data!G78 -> FF | H78: =data!H78 -> FC | ... Q78: =data!Q78 -> 0 | R78: =DEC2HEX(DEC!$R78,2) -> B1
A79: =data!A79 -> C460 | B79: =data!B79 -> 0 | C79: =data!C79 -> FF | D79: =data!D79 -> FC | E79: =data!E79 -> CC | F79: =data!F79 -> CC | G79: =data!G79 -> 0 | H79: =data!H79 -> 0 | ... Q79: =data!Q79 -> C6 | R79: =DEC2HEX(DEC!$R79,2) -> 55
A80: =data!A80 -> C470 | B80: =data!B80 -> C6 | C80: =data!C80 -> 0 | D80: =data!D80 -> 0 | E80: =data!E80 -> 0 | F80: =data!F80 -> 0 | G80: =data!G80 -> 0 | H80: =data!H80 -> FF | ... Q80: =data!Q80 -> 0 | R80: =DEC2HEX(DEC!$R80,2) -> 49
A81: =data!A81 -> C480 | B81: =data!B81 -> 0 | C81: =data!C81 -> 0 | D81: =data!D81 -> FF | E81: =data!E81 -> 0 | F81: =data!F81 -> 0 | G81: =data!G81 -> FF | H81: =data!H81 -> 0F | ... Q81: =data!Q81 -> 0 | R81: =DEC2HEX(DEC!$R81,2) -> 0B
A82: =data!A82 -> C490 | B82: =data!B82 -> 0 | C82: =data!C82 -> FF | D82: =data!D82 -> 0F | E82: =data!E82 -> 8 | F82: =data!F82 -> F8 | G82: =data!G82 -> FF | H82: =data!H82 -> 0 | ... Q82: =data!Q82 -> 8 | R82: =DEC2HEX(DEC!$R82,2) -> 22
A83: =data!A83 -> C4A0 | B83: =data!B83 -> F8 | C83: =data!C83 -> FF | D83: =data!D83 -> 0 | E83: =data!E83 -> 0 | F83: =data!F83 -> 0 | G83: =data!G83 -> 0 | H83: =data!H83 -> FF | ... Q83: =data!Q83 -> 0 | R83: =DEC2HEX(DEC!$R83,2) -> 03
A84: =data!A84 -> C4B0 | B84: =data!B84 -> 0 | C84: =data!C84 -> 0 | D84: =data!D84 -> FF | E84: =data!E84 -> 0 | F84: =data!F84 -> 0 | G84: =data!G84 -> FF | H84: =data!H84 -> 0F | ... Q84: =data!Q84 -> 0 | R84: =DEC2HEX(DEC!$R84,2) -> 0B
... A88: =data!A88 -> C4F0 | B88: =data!B88 -> 1 | C88: =data!C88 -> FF | D88: =data!D88 -> FF | E88: =data!E88 -> C0 | F88: =data!F88 -> C0 | G88: =data!G88 -> FF | H88: =data!H88 -> 0 | ... Q88: =data!Q88 -> 0 | R88: =DEC2HEX(DEC!$R88,2) -> 81
B89: =DEC2HEX(DEC!B89,2) -> 2A | C89: =DEC2HEX(DEC!C89,2) -> F8 | D89: =DEC2HEX(DEC!D89,2) -> F4 | E89: =DEC2HEX(DEC!E89,2) -> 7C | F89: =DEC2HEX(DEC!F89,2) -> 5C | G89: =DEC2HEX(DEC!G89,2) -> F8 | H89: =DEC2HEX(DEC!H89,2) -> 34 | I89: =DEC2HEX(DEC!I89,2) -> FD | ... R89: =DEC2HEX(DEC!R89,2) -> 2E
A91: =data!A91 -> C500 | B91: =data!B91 -> 0 | C91: =data!C91 -> FF | D91: =data!D91 -> 0 | E91: =data!E91 -> 0 | F91: =data!F91 -> FF | G91: =data!G91 -> FF | H91: =data!H91 -> FF | ... Q91: =data!Q91 -> 0 | R91: =DEC2HEX(DEC!$R91,2) -> F1
A92: =data!A92 -> C510 | B92: =data!B92 -> FF | C92: =data!C92 -> 80 | D92: =data!D92 -> 80 | E92: =data!E92 -> FF | F92: =data!F92 -> 0 | G92: =data!G92 -> 0 | H92: =data!H92 -> FF | ... Q92: =data!Q92 -> FF | R92: =DEC2HEX(DEC!$R92,2) -> FA
A93: =data!A93 -> C520 | B93: =data!B93 -> 0 | C93: =data!C93 -> 0 | D93: =data!D93 -> FF | E93: =data!E93 -> 0 | F93: =data!F93 -> 0 | G93: =data!G93 -> FF | H93: =data!H93 -> 0 | ... Q93: =data!Q93 -> FF | R93: =DEC2HEX(DEC!$R93,2) -> F6
A94: =data!A94 -> C530 | B94: =data!B94 -> FF | C94: =data!C94 -> FF | D94: =data!D94 -> FF | E94: =data!E94 -> FF | F94: =data!F94 -> FF | G94: =data!G94 -> FF | H94: =data!H94 -> FF | ... Q94: =data!Q94 -> FF | R94: =DEC2HEX(DEC!$R94,2) -> F0
A95: =data!A95 -> C540 | B95: =data!B95 -> FF | C95: =data!C95 -> 0 | D95: =data!D95 -> 0 | E95: =data!E95 -> FF | F95: =data!F95 -> 10 | G95: =data!G95 -> 1F | H95: =data!H95 -> C0 | ... Q95: =data!Q95 -> FF | R95: =DEC2HEX(DEC!$R95,2) -> E9
A96: =data!A96 -> C550 | B96: =data!B96 -> 10 | C96: =data!C96 -> 1F | D96: =data!D96 -> C0 | E96: =data!E96 -> 0 | F96: =data!F96 -> FF | G96: =data!G96 -> 0 | H96: =data!H96 -> 0 | ... Q96: =data!Q96 -> 0 | R96: =DEC2HEX(DEC!$R96,2) -> DA
A97: =data!A97 -> C560 | B97: =data!B97 -> FF | C97: =data!C97 -> 0 | D97: =data!D97 -> 0 | E97: =data!E97 -> FF | F97: =data!F97 -> FF | G97: =data!G97 -> 0 | H97: =data!H97 -> 0 | ... Q97: =data!Q97 -> FF | R97: =DEC2HEX(DEC!$R97,2) -> E9
A98: =data!A98 -> C570 | B98: =data!B98 -> FF | C98: =data!C98 -> 0 | D98: =data!D98 -> 0 | E98: =data!E98 -> FF | F98: =data!F98 -> 10 | G98: =data!G98 -> 1F | H98: =data!H98 -> C0 | ... Q98: =data!Q98 -> FF | R98: =DEC2HEX(DEC!$R98,2) -> E9
A99: =data!A99 -> C580 | B99: =data!B99 -> 10 | C99: =data!C99 -> 1F | D99: =data!D99 -> C0 | E99: =data!E99 -> 0 | F99: =data!F99 -> FF | G99: =data!G99 -> 0 | H99: =data!H99 -> 0 | ... Q99: =data!Q99 -> 0 | R99: =DEC2HEX(DEC!$R99,2) -> 02
A100: =data!A100 -> C590 | B100: =data!B100 -> FF | C100: =data!C100 -> 0 | D100: =data!D100 -> 0 | E100: =data!E100 -> FF | F100: =data!F100 -> FF | G100: =data!G100 -> 0 | H100: =data!H100 -> 0 | ... Q100: =data!Q100 -> FF | R100: =DEC2HEX(DEC!$R100,2) -> F1
A101: =data!A101 -> C5A0 | B101: =data!B101 -> FF | C101: =data!C101 -> 0 | D101: =data!D101 -> 0 | E101: =data!E101 -> FF | F101: =data!F101 -> 0C | G101: =data!G101 -> 0F | H101: =data!H101 -> F0 | ... Q101: =data!Q101 -> FF | R101: =DEC2HEX(DEC!$R101,2) -> 05
A102: =data!A102 -> C5B0 | B102: =data!B102 -> 3 | C102: =data!C102 -> 3 | D102: =data!D102 -> FE | E102: =data!E102 -> 80 | F102: =data!F102 -> FF | G102: =data!G102 -> 0 | H102: =data!H102 -> 0 | ... Q102: =data!Q102 -> C0 | R102: =DEC2HEX(DEC!$R102,2) -> 3F
... A106: =data!A106 -> C5F0 | B106: =data!B106 -> FF | C106: =data!C106 -> FF | D106: =data!D106 -> FF | E106: =data!E106 -> FF | F106: =data!F106 -> FF | G106: =data!G106 -> FF | H106: =data!H106 -> FF | ... Q106: =data!Q106 -> FF | R106: =DEC2HEX(DEC!$R106,2) -> F0
B107: =DEC2HEX(DEC!B107,2) -> 19 | C107: =DEC2HEX(DEC!C107,2) -> 9E | D107: =DEC2HEX(DEC!D107,2) -> FA | E107: =DEC2HEX(DEC!E107,2) -> 76 | F107: =DEC2HEX(DEC!F107,2) -> 23 | G107: =DEC2HEX(DEC!G107,2) -> 48 | H107: =DEC2HEX(DEC!H107,2) -> 6B | I107: =DEC2HEX(DEC!I107,2) -> F7 | ... R107: =DEC2HEX(DEC!R107,2) -> D3
A109: =data!A109 -> C600 | B109: =data!B109 -> 0 | C109: =data!C109 -> 0 | D109: =data!D109 -> FF | E109: =data!E109 -> 1 | F109: =data!F109 -> 1 | G109: =data!G109 -> FF | H109: =data!H109 -> FF | ... Q109: =data!Q109 -> 1 | R109: =DEC2HEX(DEC!$R109,2) -> 05
A110: =data!A110 -> C610 | B110: =data!B110 -> 1 | C110: =data!C110 -> FF | D110: =data!D110 -> FF | E110: =data!E110 -> 81 | F110: =data!F110 -> 81 | G110: =data!G110 -> 80 | H110: =data!H110 -> 80 | ... Q110: =data!Q110 -> 1 | R110: =DEC2HEX(DEC!$R110,2) -> 81
A111: =data!A111 -> C620 | B111: =data!B111 -> 1 | C111: =data!C111 -> 80 | D111: =data!D111 -> 80 | E111: =data!E111 -> 80 | F111: =data!F111 -> 0 | G111: =data!G111 -> 0 | H111: =data!H111 -> FF | ... Q111: =data!Q111 -> C0 | R111: =DEC2HEX(DEC!$R111,2) -> C4
A112: =data!A112 -> C630 | B112: =data!B112 -> 0 | C112: =data!C112 -> 0 | D112: =data!D112 -> FF | E112: =data!E112 -> 3 | F112: =data!F112 -> 3 | G112: =data!G112 -> FF | H112: =data!H112 -> FF | ... Q112: =data!Q112 -> 7 | R112: =DEC2HEX(DEC!$R112,2) -> A9
A113: =data!A113 -> C640 | B113: =data!B113 -> 6 | C113: =data!C113 -> FF | D113: =data!D113 -> FF | E113: =data!E113 -> 0 | F113: =data!F113 -> 0 | G113: =data!G113 -> E0 | H113: =data!H113 -> 60 | ... Q113: =data!Q113 -> 0 | R113: =DEC2HEX(DEC!$R113,2) -> B9
A114: =data!A114 -> C650 | B114: =data!B114 -> 0 | C114: =data!C114 -> F0 | D114: =data!D114 -> 30 | E114: =data!E114 -> 30 | F114: =data!F114 -> 0 | G114: =data!G114 -> 0 | H114: =data!H114 -> FF | ... Q114: =data!Q114 -> 18 | R114: =DEC2HEX(DEC!$R114,2) -> A9
A115: =data!A115 -> C660 | B115: =data!B115 -> 0 | C115: =data!C115 -> 0 | D115: =data!D115 -> FF | E115: =data!E115 -> 3F | F115: =data!F115 -> 30 | G115: =data!G115 -> F0 | H115: =data!H115 -> FF | ... Q115: =data!Q115 -> FF | R115: =DEC2HEX(DEC!$R115,2) -> 83
A116: =data!A116 -> C670 | B116: =data!B116 -> E0 | C116: =data!C116 -> E0 | D116: =data!D116 -> FF | E116: =data!E116 -> 0 | F116: =data!F116 -> 0 | G116: =data!G116 -> FC | H116: =data!H116 -> 0C | ... Q116: =data!Q116 -> 0 | R116: =DEC2HEX(DEC!$R116,2) -> EE
A117: =data!A117 -> C680 | B117: =data!B117 -> 0 | C117: =data!C117 -> FE | D117: =data!D117 -> 6 | E117: =data!E117 -> 6 | F117: =data!F117 -> FF | G117: =data!G117 -> F8 | H117: =data!H117 -> F8 | ... Q117: =data!Q117 -> 6 | R117: =DEC2HEX(DEC!$R117,2) -> 01
A118: =data!A118 -> C690 | B118: =data!B118 -> FF | C118: =data!C118 -> 0 | D118: =data!D118 -> 0 | E118: =data!E118 -> FF | F118: =data!F118 -> 0 | G118: =data!G118 -> 0 | H118: =data!H118 -> FF | ... Q118: =data!Q118 -> FF | R118: =DEC2HEX(DEC!$R118,2) -> 00
A119: =data!A119 -> C6A0 | B119: =data!B119 -> 0 | C119: =data!C119 -> 0 | D119: =data!D119 -> FF | E119: =data!E119 -> 0 | F119: =data!F119 -> 0 | G119: =data!G119 -> FF | H119: =data!H119 -> 3 | ... Q119: =data!Q119 -> FF | R119: =DEC2HEX(DEC!$R119,2) -> FC
A120: =data!A120 -> C6B0 | B120: =data!B120 -> FF | C120: =data!C120 -> FF | D120: =data!D120 -> FF | E120: =data!E120 -> FF | F120: =data!F120 -> FF | G120: =data!G120 -> FF | H120: =data!H120 -> FF | ... Q120: =data!Q120 -> FF | R120: =DEC2HEX(DEC!$R120,2) -> F0
... A124: =data!A124 -> C6F0 | B124: =data!B124 -> 7F | C124: =data!C124 -> 40 | D124: =data!D124 -> 40 | E124: =data!E124 -> FF | F124: =data!F124 -> 0 | G124: =data!G124 -> 0 | H124: =data!H124 -> FF | ... Q124: =data!Q124 -> 0 | R124: =DEC2HEX(DEC!$R124,2) -> 79
B125: =DEC2HEX(DEC!B125,2) -> 64 | C125: =DEC2HEX(DEC!C125,2) -> 8A | D125: =DEC2HEX(DEC!D125,2) -> ED | E125: =DEC2HEX(DEC!E125,2) -> 76 | F125: =DEC2HEX(DEC!F125,2) -> B2 | G125: =DEC2HEX(DEC!G125,2) -> 00 | H125: =DEC2HEX(DEC!H125,2) -> 9F | I125: =DEC2HEX(DEC!I125,2) -> 91 | ... R125: =DEC2HEX(DEC!R125,2) -> 9C
A127: =data!A127 -> C700 | B127: =data!B127 -> 0 | C127: =data!C127 -> 0 | D127: =data!D127 -> 7 | E127: =data!E127 -> 0 | F127: =data!F127 -> 0 | G127: =data!G127 -> F9 | H127: =data!H127 -> 1 | ... Q127: =data!Q127 -> A0 | R127: =DEC2HEX(DEC!$R127,2) -> 7B
A128: =data!A128 -> C710 | B128: =data!B128 -> A0 | C128: =data!C128 -> E2 | D128: =data!D128 -> 2 | E128: =data!E128 -> 2 | F128: =data!F128 -> 1E | G128: =data!G128 -> 18 | H128: =data!H128 -> 18 | ... Q128: =data!Q128 -> 15 | R128: =DEC2HEX(DEC!$R128,2) -> 11
...

Sheet DEC
A1: =data!A1 -> C000 | B1: =HEX2DEC(data!B1) -> 255 | C1: =HEX2DEC(data!C1) -> 255 | D1: =HEX2DEC(data!D1) -> 255 | E1: =HEX2DEC(data!E1) -> 255 | F1: =HEX2DEC(data!F1) -> 255 | G1: =HEX2DEC(data!G1) -> 255 | H1: =HEX2DEC(data!H1) -> 255 | I1: =HEX2DEC(data!I1) -> 255 | ... Q1: =HEX2DEC(data!Q1) -> 255 | R1: =MOD(SUM(B1:Q1),256) -> 240
A2: =data!A2 -> C010 | B2: =HEX2DEC(data!B2) -> 255 | C2: =HEX2DEC(data!C2) -> 255 | D2: =HEX2DEC(data!D2) -> 255 | E2: =HEX2DEC(data!E2) -> 255 | F2: =HEX2DEC(data!F2) -> 255 | G2: =HEX2DEC(data!G2) -> 255 | H2: =HEX2DEC(data!H2) -> 255 | I2: =HEX2DEC(data!I2) -> 255 | ... Q2: =HEX2DEC(data!Q2) -> 0 | R2: =MOD(SUM(B2:Q2),256) -> 245
A3: =data!A3 -> C020 | B3: =HEX2DEC(data!B3) -> 0 | C3: =HEX2DEC(data!C3) -> 255 | D3: =HEX2DEC(data!D3) -> 0 | E3: =HEX2DEC(data!E3) -> 0 | F3: =HEX2DEC(data!F3) -> 255 | G3: =HEX2DEC(data!G3) -> 128 | H3: =HEX2DEC(data!H3) -> 128 | I3: =HEX2DEC(data!I3) -> 255 | ... Q3: =HEX2DEC(data!Q3) -> 0 | R3: =MOD(SUM(B3:Q3),256) -> 251
A4: =data!A4 -> C030 | B4: =HEX2DEC(data!B4) -> 255 | C4: =HEX2DEC(data!C4) -> 255 | D4: =HEX2DEC(data!D4) -> 255 | E4: =HEX2DEC(data!E4) -> 255 | F4: =HEX2DEC(data!F4) -> 252 | G4: =HEX2DEC(data!G4) -> 252 | H4: =HEX2DEC(data!H4) -> 255 | I4: =HEX2DEC(data!I4) -> 0 | ... Q4: =HEX2DEC(data!Q4) -> 3 | R4: =MOD(SUM(B4:Q4),256) -> 244
A5: =data!A5 -> C040 | B5: =HEX2DEC(data!B5) -> 3 | C5: =HEX2DEC(data!C5) -> 255 | D5: =HEX2DEC(data!D5) -> 255 | E5: =HEX2DEC(data!E5) -> 0 | F5: =HEX2DEC(data!F5) -> 0 | G5: =HEX2DEC(data!G5) -> 255 | H5: =HEX2DEC(data!H5) -> 0 | I5: =HEX2DEC(data!I5) -> 0 | ... Q5: =HEX2DEC(data!Q5) -> 192 | R5: =MOD(SUM(B5:Q5),256) -> 191
A6: =data!A6 -> C050 | B6: =HEX2DEC(data!B6) -> 192 | C6: =HEX2DEC(data!C6) -> 255 | D6: =HEX2DEC(data!D6) -> 0 | E6: =HEX2DEC(data!E6) -> 0 | F6: =HEX2DEC(data!F6) -> 0 | G6: =HEX2DEC(data!G6) -> 0 | H6: =HEX2DEC(data!H6) -> 255 | I6: =HEX2DEC(data!I6) -> 0 | ... Q6: =HEX2DEC(data!Q6) -> 0 | R6: =MOD(SUM(B6:Q6),256) -> 27
A7: =data!A7 -> C060 | B7: =HEX2DEC(data!B7) -> 0 | C7: =HEX2DEC(data!C7) -> 0 | D7: =HEX2DEC(data!D7) -> 255 | E7: =HEX2DEC(data!E7) -> 0 | F7: =HEX2DEC(data!F7) -> 0 | G7: =HEX2DEC(data!G7) -> 255 | H7: =HEX2DEC(data!H7) -> 31 | I7: =HEX2DEC(data!I7) -> 16 | ... Q7: =HEX2DEC(data!Q7) -> 0 | R7: =MOD(SUM(B7:Q7),256) -> 27
A8: =data!A8 -> C070 | B8: =HEX2DEC(data!B8) -> 0 | C8: =HEX2DEC(data!C8) -> 255 | D8: =HEX2DEC(data!D8) -> 31 | E8: =HEX2DEC(data!E8) -> 24 | F8: =HEX2DEC(data!F8) -> 248 | G8: =HEX2DEC(data!G8) -> 255 | H8: =HEX2DEC(data!H8) -> 0 | I8: =HEX2DEC(data!I8) -> 0 | ... Q8: =HEX2DEC(data!Q8) -> 8 | R8: =MOD(SUM(B8:Q8),256) -> 66
A9: =data!A9 -> C080 | B9: =HEX2DEC(data!B9) -> 248 | C9: =HEX2DEC(data!C9) -> 255 | D9: =HEX2DEC(data!D9) -> 0 | E9: =HEX2DEC(data!E9) -> 0 | F9: =HEX2DEC(data!F9) -> 0 | G9: =HEX2DEC(data!G9) -> 0 | H9: =HEX2DEC(data!H9) -> 255 | I9: =HEX2DEC(data!I9) -> 0 | ... Q9: =HEX2DEC(data!Q9) -> 0 | R9: =MOD(SUM(B9:Q9),256) -> 3
A10: =data!A10 -> C090 | B10: =HEX2DEC(data!B10) -> 0 | C10: =HEX2DEC(data!C10) -> 0 | D10: =HEX2DEC(data!D10) -> 255 | E10: =HEX2DEC(data!E10) -> 0 | F10: =HEX2DEC(data!F10) -> 0 | G10: =HEX2DEC(data!G10) -> 255 | H10: =HEX2DEC(data!H10) -> 15 | I10: =HEX2DEC(data!I10) -> 8 | ... Q10: =HEX2DEC(data!Q10) -> 0 | R10: =MOD(SUM(B10:Q10),256) -> 11
A11: =data!A11 -> C0A0 | B11: =HEX2DEC(data!B11) -> 0 | C11: =HEX2DEC(data!C11) -> 255 | D11: =HEX2DEC(data!D11) -> 15 | E11: =HEX2DEC(data!E11) -> 8 | F11: =HEX2DEC(data!F11) -> 248 | G11: =HEX2DEC(data!G11) -> 255 | H11: =HEX2DEC(data!H11) -> 0 | I11: =HEX2DEC(data!I11) -> 0 | ... Q11: =HEX2DEC(data!Q11) -> 8 | R11: =MOD(SUM(B11:Q11),256) -> 34
A12: =data!A12 -> C0B0 | B12: =HEX2DEC(data!B12) -> 248 | C12: =HEX2DEC(data!C12) -> 255 | D12: =HEX2DEC(data!D12) -> 0 | E12: =HEX2DEC(data!E12) -> 0 | F12: =HEX2DEC(data!F12) -> 0 | G12: =HEX2DEC(data!G12) -> 0 | H12: =HEX2DEC(data!H12) -> 255 | I12: =HEX2DEC(data!I12) -> 0 | ... Q12: =HEX2DEC(data!Q12) -> 0 | R12: =MOD(SUM(B12:Q12),256) -> 3
... A16: =data!A16 -> C0F0 | B16: =HEX2DEC(data!B16) -> 255 | C16: =HEX2DEC(data!C16) -> 0 | D16: =HEX2DEC(data!D16) -> 0 | E16: =HEX2DEC(data!E16) -> 255 | F16: =HEX2DEC(data!F16) -> 0 | G16: =HEX2DEC(data!G16) -> 0 | H16: =HEX2DEC(data!H16) -> 255 | I16: =HEX2DEC(data!I16) -> 63 | ... Q16: =HEX2DEC(data!Q16) -> 255 | R16: =MOD(SUM(B16:Q16),256) -> 118
B17: =MOD(SUM(B1:B16),256) -> 173 | C17: =MOD(SUM(C1:C16),256) -> 243 | D17: =MOD(SUM(D1:D16),256) -> 39 | E17: =MOD(SUM(E1:E16),256) -> 27 | F17: =MOD(SUM(F1:F16),256) -> 230 | G17: =MOD(SUM(G1:G16),256) -> 115 | H17: =MOD(SUM(H1:H16),256) -> 165 | I17: =MOD(SUM(I1:I16),256) -> 81 | ... R17: =MOD(SUM(R1:R16),256) -> 152
A19: =data!A19 -> C100 | B19: =HEX2DEC(data!B19) -> 0 | C19: =HEX2DEC(data!C19) -> 0 | D19: =HEX2DEC(data!D19) -> 255 | E19: =HEX2DEC(data!E19) -> 192 | F19: =HEX2DEC(data!F19) -> 255 | G19: =HEX2DEC(data!G19) -> 224 | H19: =HEX2DEC(data!H19) -> 0 | I19: =HEX2DEC(data!I19) -> 255 | ... Q19: =HEX2DEC(data!Q19) -> 128 | R19: =MOD(SUM(B19:Q19),256) -> 31
A20: =data!A20 -> C110 | B20: =HEX2DEC(data!B20) -> 255 | C20: =HEX2DEC(data!C20) -> 0 | D20: =HEX2DEC(data!D20) -> 0 | E20: =HEX2DEC(data!E20) -> 255 | F20: =HEX2DEC(data!F20) -> 255 | G20: =HEX2DEC(data!G20) -> 0 | H20: =HEX2DEC(data!H20) -> 0 | I20: =HEX2DEC(data!I20) -> 255 | ... Q20: =HEX2DEC(data!Q20) -> 255 | R20: =MOD(SUM(B20:Q20),256) -> 5
A21: =data!A21 -> C120 | B21: =HEX2DEC(data!B21) -> 255 | C21: =HEX2DEC(data!C21) -> 0 | D21: =HEX2DEC(data!D21) -> 0 | E21: =HEX2DEC(data!E21) -> 255 | F21: =HEX2DEC(data!F21) -> 8 | G21: =HEX2DEC(data!G21) -> 15 | H21: =HEX2DEC(data!H21) -> 224 | I21: =HEX2DEC(data!I21) -> 0 | ... Q21: =HEX2DEC(data!Q21) -> 255 | R21: =MOD(SUM(B21:Q21),256) -> 241
A22: =data!A22 -> C130 | B22: =HEX2DEC(data!B22) -> 24 | C22: =HEX2DEC(data!C22) -> 31 | D22: =HEX2DEC(data!D22) -> 224 | E22: =HEX2DEC(data!E22) -> 0 | F22: =HEX2DEC(data!F22) -> 255 | G22: =HEX2DEC(data!G22) -> 0 | H22: =HEX2DEC(data!H22) -> 0 | I22: =HEX2DEC(data!I22) -> 255 | ... Q22: =HEX2DEC(data!Q22) -> 0 | R22: =MOD(SUM(B22:Q22),256) -> 2
A23: =data!A23 -> C140 | B23: =HEX2DEC(data!B23) -> 255 | C23: =HEX2DEC(data!C23) -> 0 | D23: =HEX2DEC(data!D23) -> 0 | E23: =HEX2DEC(data!E23) -> 255 | F23: =HEX2DEC(data!F23) -> 255 | G23: =HEX2DEC(data!G23) -> 0 | H23: =HEX2DEC(data!H23) -> 0 | I23: =HEX2DEC(data!I23) -> 255 | ... Q23: =HEX2DEC(data!Q23) -> 255 | R23: =MOD(SUM(B23:Q23),256) -> 233
A24: =data!A24 -> C150 | B24: =HEX2DEC(data!B24) -> 255 | C24: =HEX2DEC(data!C24) -> 0 | D24: =HEX2DEC(data!D24) -> 0 | E24: =HEX2DEC(data!E24) -> 255 | F24: =HEX2DEC(data!F24) -> 16 | G24: =HEX2DEC(data!G24) -> 31 | H24: =HEX2DEC(data!H24) -> 192 | I24: =HEX2DEC(data!I24) -> 0 | ... Q24: =HEX2DEC(data!Q24) -> 255 | R24: =MOD(SUM(B24:Q24),256) -> 233
A25: =data!A25 -> C160 | B25: =HEX2DEC(data!B25) -> 16 | C25: =HEX2DEC(data!C25) -> 31 | D25: =HEX2DEC(data!D25) -> 192 | E25: =HEX2DEC(data!E25) -> 0 | F25: =HEX2DEC(data!F25) -> 255 | G25: =HEX2DEC(data!G25) -> 0 | H25: =HEX2DEC(data!H25) -> 0 | I25: =HEX2DEC(data!I25) -> 255 | ... Q25: =HEX2DEC(data!Q25) -> 0 | R25: =MOD(SUM(B25:Q25),256) -> 218
A26: =data!A26 -> C170 | B26: =HEX2DEC(data!B26) -> 255 | C26: =HEX2DEC(data!C26) -> 0 | D26: =HEX2DEC(data!D26) -> 0 | E26: =HEX2DEC(data!E26) -> 255 | F26: =HEX2DEC(data!F26) -> 255 | G26: =HEX2DEC(data!G26) -> 0 | H26: =HEX2DEC(data!H26) -> 0 | I26: =HEX2DEC(data!I26) -> 255 | ... Q26: =HEX2DEC(data!Q26) -> 255 | R26: =MOD(SUM(B26:Q26),256) -> 233
A27: =data!A27 -> C180 | B27: =HEX2DEC(data!B27) -> 128 | C27: =HEX2DEC(data!C27) -> 128 | D27: =HEX2DEC(data!D27) -> 128 | E27: =HEX2DEC(data!E27) -> 0 | F27: =HEX2DEC(data!F27) -> 0 | G27: =HEX2DEC(data!G27) -> 0 | H27: =HEX2DEC(data!H27) -> 0 | I27: =HEX2DEC(data!I27) -> 0 | ... Q27: =HEX2DEC(data!Q27) -> 0 | R27: =MOD(SUM(B27:Q27),256) -> 192
A28: =data!A28 -> C190 | B28: =HEX2DEC(data!B28) -> 0 | C28: =HEX2DEC(data!C28) -> 0 | D28: =HEX2DEC(data!D28) -> 0 | E28: =HEX2DEC(data!E28) -> 0 | F28: =HEX2DEC(data!F28) -> 0 | G28: =HEX2DEC(data!G28) -> 0 | H28: =HEX2DEC(data!H28) -> 0 | I28: =HEX2DEC(data!I28) -> 0 | ... Q28: =HEX2DEC(data!Q28) -> 0 | R28: =MOD(SUM(B28:Q28),256) -> 160
A29: =data!A29 -> C1A0 | B29: =HEX2DEC(data!B29) -> 0 | C29: =HEX2DEC(data!C29) -> 0 | D29: =HEX2DEC(data!D29) -> 0 | E29: =HEX2DEC(data!E29) -> 0 | F29: =HEX2DEC(data!F29) -> 96 | G29: =HEX2DEC(data!G29) -> 96 | H29: =HEX2DEC(data!H29) -> 224 | I29: =HEX2DEC(data!I29) -> 0 | ... Q29: =HEX2DEC(data!Q29) -> 0 | R29: =MOD(SUM(B29:Q29),256) -> 160
A30: =data!A30 -> C1B0 | B30: =HEX2DEC(data!B30) -> 48 | C30: =HEX2DEC(data!C30) -> 48 | D30: =HEX2DEC(data!D30) -> 240 | E30: =HEX2DEC(data!E30) -> 0 | F30: =HEX2DEC(data!F30) -> 0 | G30: =HEX2DEC(data!G30) -> 0 | H30: =HEX2DEC(data!H30) -> 0 | I30: =HEX2DEC(data!I30) -> 0 | ... Q30: =HEX2DEC(data!Q30) -> 0 | R30: =MOD(SUM(B30:Q30),256) -> 184
... A34: =data!A34 -> C1F0 | B34: =HEX2DEC(data!B34) -> 0 | C34: =HEX2DEC(data!C34) -> 0 | D34: =HEX2DEC(data!D34) -> 0 | E34: =HEX2DEC(data!E34) -> 0 | F34: =HEX2DEC(data!F34) -> 0 | G34: =HEX2DEC(data!G34) -> 0 | H34: =HEX2DEC(data!H34) -> 0 | I34: =HEX2DEC(data!I34) -> 0 | ... Q34: =HEX2DEC(data!Q34) -> 0 | R34: =MOD(SUM(B34:Q34),256) -> 5
B35: =MOD(SUM(B19:B34),256) -> 225 | C35: =MOD(SUM(C19:C34),256) -> 252 | D35: =MOD(SUM(D19:D34),256) -> 13 | E35: =MOD(SUM(E19:E34),256) -> 187 | F35: =MOD(SUM(F19:F34),256) -> 126 | G35: =MOD(SUM(G19:G34),256) -> 122 | H35: =MOD(SUM(H19:H34),256) -> 124 | I35: =MOD(SUM(I19:I34),256) -> 250 | ... R35: =MOD(SUM(R19:R34),256) -> 204
A37: =data!A37 -> C200 | B37: =HEX2DEC(data!B37) -> 0 | C37: =HEX2DEC(data!C37) -> 0 | D37: =HEX2DEC(data!D37) -> 0 | E37: =HEX2DEC(data!E37) -> 0 | F37: =HEX2DEC(data!F37) -> 1 | G37: =HEX2DEC(data!G37) -> 1 | H37: =HEX2DEC(data!H37) -> 255 | I37: =HEX2DEC(data!I37) -> 128 | ... Q37: =HEX2DEC(data!Q37) -> 0 | R37: =MOD(SUM(B37:Q37),256) -> 129
A38: =data!A38 -> C210 | B38: =HEX2DEC(data!B38) -> 1 | C38: =HEX2DEC(data!C38) -> 1 | D38: =HEX2DEC(data!D38) -> 255 | E38: =HEX2DEC(data!E38) -> 192 | F38: =HEX2DEC(data!F38) -> 192 | G38: =HEX2DEC(data!G38) -> 192 | H38: =HEX2DEC(data!H38) -> 0 | I38: =HEX2DEC(data!I38) -> 0 | ... Q38: =HEX2DEC(data!Q38) -> 224 | R38: =MOD(SUM(B38:Q38),256) -> 32
A39: =data!A39 -> C220 | B39: =HEX2DEC(data!B39) -> 224 | C39: =HEX2DEC(data!C39) -> 224 | D39: =HEX2DEC(data!D39) -> 0 | E39: =HEX2DEC(data!E39) -> 0 | F39: =HEX2DEC(data!F39) -> 0 | G39: =HEX2DEC(data!G39) -> 0 | H39: =HEX2DEC(data!H39) -> 0 | I39: =HEX2DEC(data!I39) -> 0 | ... Q39: =HEX2DEC(data!Q39) -> 0 | R39: =MOD(SUM(B39:Q39),256) -> 95
A40: =data!A40 -> C230 | B40: =HEX2DEC(data!B40) -> 0 | C40: =HEX2DEC(data!C40) -> 0 | D40: =HEX2DEC(data!D40) -> 0 | E40: =HEX2DEC(data!E40) -> 0 | F40: =HEX2DEC(data!F40) -> 0 | G40: =HEX2DEC(data!G40) -> 0 | H40: =HEX2DEC(data!H40) -> 255 | I40: =HEX2DEC(data!I40) -> 48 | ... Q40: =HEX2DEC(data!Q40) -> 0 | R40: =MOD(SUM(B40:Q40),256) -> 79
A41: =data!A41 -> C240 | B41: =HEX2DEC(data!B41) -> 0 | C41: =HEX2DEC(data!C41) -> 0 | D41: =HEX2DEC(data!D41) -> 255 | E41: =HEX2DEC(data!E41) -> 0 | F41: =HEX2DEC(data!F41) -> 0 | G41: =HEX2DEC(data!G41) -> 255 | H41: =HEX2DEC(data!H41) -> 15 | I41: =HEX2DEC(data!I41) -> 8 | ... Q41: =HEX2DEC(data!Q41) -> 0 | R41: =MOD(SUM(B41:Q41),256) -> 11
A42: =data!A42 -> C250 | B42: =HEX2DEC(data!B42) -> 0 | C42: =HEX2DEC(data!C42) -> 255 | D42: =HEX2DEC(data!D42) -> 15 | E42: =HEX2DEC(data!E42) -> 8 | F42: =HEX2DEC(data!F42) -> 248 | G42: =HEX2DEC(data!G42) -> 255 | H42: =HEX2DEC(data!H42) -> 0 | I42: =HEX2DEC(data!I42) -> 0 | ... Q42: =HEX2DEC(data!Q42) -> 8 | R42: =MOD(SUM(B42:Q42),256) -> 34
A43: =data!A43 -> C260 | B43: =HEX2DEC(data!B43) -> 248 | C43: =HEX2DEC(data!C43) -> 255 | D43: =HEX2DEC(data!D43) -> 0 | E43: =HEX2DEC(data!E43) -> 0 | F43: =HEX2DEC(data!F43) -> 0 | G43: =HEX2DEC(data!G43) -> 0 | H43: =HEX2DEC(data!H43) -> 255 | I43: =HEX2DEC(data!I43) -> 0 | ... Q43: =HEX2DEC(data!Q43) -> 0 | R43: =MOD(SUM(B43:Q43),256) -> 3
A44: =data!A44 -> C270 | B44: =HEX2DEC(data!B44) -> 0 | C44: =HEX2DEC(data!C44) -> 0 | D44: =HEX2DEC(data!D44) -> 255 | E44: =HEX2DEC(data!E44) -> 0 | F44: =HEX2DEC(data!F44) -> 0 | G44: =HEX2DEC(data!G44) -> 255 | H44: =HEX2DEC(data!H44) -> 15 | I44: =HEX2DEC(data!I44) -> 8 | ... Q44: =HEX2DEC(data!Q44) -> 0 | R44: =MOD(SUM(B44:Q44),256) -> 11
A45: =data!A45 -> C280 | B45: =HEX2DEC(data!B45) -> 0 | C45: =HEX2DEC(data!C45) -> 255 | D45: =HEX2DEC(data!D45) -> 15 | E45: =HEX2DEC(data!E45) -> 8 | F45: =HEX2DEC(data!F45) -> 248 | G45: =HEX2DEC(data!G45) -> 255 | H45: =HEX2DEC(data!H45) -> 0 | I45: =HEX2DEC(data!I45) -> 0 | ... Q45: =HEX2DEC(data!Q45) -> 8 | R45: =MOD(SUM(B45:Q45),256) -> 34
A46: =data!A46 -> C290 | B46: =HEX2DEC(data!B46) -> 248 | C46: =HEX2DEC(data!C46) -> 255 | D46: =HEX2DEC(data!D46) -> 0 | E46: =HEX2DEC(data!E46) -> 0 | F46: =HEX2DEC(data!F46) -> 0 | G46: =HEX2DEC(data!G46) -> 0 | H46: =HEX2DEC(data!H46) -> 255 | I46: =HEX2DEC(data!I46) -> 0 | ... Q46: =HEX2DEC(data!Q46) -> 0 | R46: =MOD(SUM(B46:Q46),256) -> 3
A47: =data!A47 -> C2A0 | B47: =HEX2DEC(data!B47) -> 0 | C47: =HEX2DEC(data!C47) -> 0 | D47: =HEX2DEC(data!D47) -> 255 | E47: =HEX2DEC(data!E47) -> 0 | F47: =HEX2DEC(data!F47) -> 0 | G47: =HEX2DEC(data!G47) -> 255 | H47: =HEX2DEC(data!H47) -> 15 | I47: =HEX2DEC(data!I47) -> 8 | ... Q47: =HEX2DEC(data!Q47) -> 0 | R47: =MOD(SUM(B47:Q47),256) -> 11
A48: =data!A48 -> C2B0 | B48: =HEX2DEC(data!B48) -> 0 | C48: =HEX2DEC(data!C48) -> 255 | D48: =HEX2DEC(data!D48) -> 15 | E48: =HEX2DEC(data!E48) -> 8 | F48: =HEX2DEC(data!F48) -> 248 | G48: =HEX2DEC(data!G48) -> 255 | H48: =HEX2DEC(data!H48) -> 0 | I48: =HEX2DEC(data!I48) -> 0 | ... Q48: =HEX2DEC(data!Q48) -> 8 | R48: =MOD(SUM(B48:Q48),256) -> 34
... A52: =data!A52 -> C2F0 | B52: =HEX2DEC(data!B52) -> 248 | C52: =HEX2DEC(data!C52) -> 255 | D52: =HEX2DEC(data!D52) -> 0 | E52: =HEX2DEC(data!E52) -> 0 | F52: =HEX2DEC(data!F52) -> 0 | G52: =HEX2DEC(data!G52) -> 0 | H52: =HEX2DEC(data!H52) -> 255 | I52: =HEX2DEC(data!I52) -> 0 | ... Q52: =HEX2DEC(data!Q52) -> 0 | R52: =MOD(SUM(B52:Q52),256) -> 3
B53: =MOD(SUM(B37:B52),256) -> 193 | C53: =MOD(SUM(C37:C52),256) -> 217 | D53: =MOD(SUM(D37:D52),256) -> 55 | E53: =MOD(SUM(E37:E52),256) -> 224 | F53: =MOD(SUM(F37:F52),256) -> 161 | G53: =MOD(SUM(G37:G52),256) -> 185 | H53: =MOD(SUM(H37:H52),256) -> 54 | I53: =MOD(SUM(I37:I52),256) -> 208 | ... R53: =MOD(SUM(R37:R52),256) -> 15
A55: =data!A55 -> C300 | B55: =HEX2DEC(data!B55) -> 255 | C55: =HEX2DEC(data!C55) -> 0 | D55: =HEX2DEC(data!D55) -> 0 | E55: =HEX2DEC(data!E55) -> 255 | F55: =HEX2DEC(data!F55) -> 16 | G55: =HEX2DEC(data!G55) -> 31 | H55: =HEX2DEC(data!H55) -> 192 | I55: =HEX2DEC(data!I55) -> 0 | ... Q55: =HEX2DEC(data!Q55) -> 255 | R55: =MOD(SUM(B55:Q55),256) -> 233
A56: =data!A56 -> C310 | B56: =HEX2DEC(data!B56) -> 16 | C56: =HEX2DEC(data!C56) -> 31 | D56: =HEX2DEC(data!D56) -> 192 | E56: =HEX2DEC(data!E56) -> 0 | F56: =HEX2DEC(data!F56) -> 255 | G56: =HEX2DEC(data!G56) -> 0 | H56: =HEX2DEC(data!H56) -> 0 | I56: =HEX2DEC(data!I56) -> 255 | ... Q56: =HEX2DEC(data!Q56) -> 0 | R56: =MOD(SUM(B56:Q56),256) -> 218
A57: =data!A57 -> C320 | B57: =HEX2DEC(data!B57) -> 255 | C57: =HEX2DEC(data!C57) -> 0 | D57: =HEX2DEC(data!D57) -> 0 | E57: =HEX2DEC(data!E57) -> 255 | F57: =HEX2DEC(data!F57) -> 255 | G57: =HEX2DEC(data!G57) -> 0 | H57: =HEX2DEC(data!H57) -> 0 | I57: =HEX2DEC(data!I57) -> 255 | ... Q57: =HEX2DEC(data!Q57) -> 255 | R57: =MOD(SUM(B57:Q57),256) -> 233
A58: =data!A58 -> C330 | B58: =HEX2DEC(data!B58) -> 255 | C58: =HEX2DEC(data!C58) -> 0 | D58: =HEX2DEC(data!D58) -> 0 | E58: =HEX2DEC(data!E58) -> 255 | F58: =HEX2DEC(data!F58) -> 16 | G58: =HEX2DEC(data!G58) -> 31 | H58: =HEX2DEC(data!H58) -> 192 | I58: =HEX2DEC(data!I58) -> 0 | ... Q58: =HEX2DEC(data!Q58) -> 255 | R58: =MOD(SUM(B58:Q58),256) -> 233
A59: =data!A59 -> C340 | B59: =HEX2DEC(data!B59) -> 16 | C59: =HEX2DEC(data!C59) -> 31 | D59: =HEX2DEC(data!D59) -> 192 | E59: =HEX2DEC(data!E59) -> 0 | F59: =HEX2DEC(data!F59) -> 255 | G59: =HEX2DEC(data!G59) -> 0 | H59: =HEX2DEC(data!H59) -> 0 | I59: =HEX2DEC(data!I59) -> 255 | ... Q59: =HEX2DEC(data!Q59) -> 0 | R59: =MOD(SUM(B59:Q59),256) -> 218
A60: =data!A60 -> C350 | B60: =HEX2DEC(data!B60) -> 255 | C60: =HEX2DEC(data!C60) -> 0 | D60: =HEX2DEC(data!D60) -> 0 | E60: =HEX2DEC(data!E60) -> 255 | F60: =HEX2DEC(data!F60) -> 255 | G60: =HEX2DEC(data!G60) -> 0 | H60: =HEX2DEC(data!H60) -> 0 | I60: =HEX2DEC(data!I60) -> 255 | ... Q60: =HEX2DEC(data!Q60) -> 255 | R60: =MOD(SUM(B60:Q60),256) -> 233
A61: =data!A61 -> C360 | B61: =HEX2DEC(data!B61) -> 255 | C61: =HEX2DEC(data!C61) -> 0 | D61: =HEX2DEC(data!D61) -> 0 | E61: =HEX2DEC(data!E61) -> 255 | F61: =HEX2DEC(data!F61) -> 16 | G61: =HEX2DEC(data!G61) -> 31 | H61: =HEX2DEC(data!H61) -> 192 | I61: =HEX2DEC(data!I61) -> 0 | ... Q61: =HEX2DEC(data!Q61) -> 255 | R61: =MOD(SUM(B61:Q61),256) -> 233
A62: =data!A62 -> C370 | B62: =HEX2DEC(data!B62) -> 16 | C62: =HEX2DEC(data!C62) -> 31 | D62: =HEX2DEC(data!D62) -> 192 | E62: =HEX2DEC(data!E62) -> 0 | F62: =HEX2DEC(data!F62) -> 255 | G62: =HEX2DEC(data!G62) -> 0 | H62: =HEX2DEC(data!H62) -> 0 | I62: =HEX2DEC(data!I62) -> 255 | ... Q62: =HEX2DEC(data!Q62) -> 0 | R62: =MOD(SUM(B62:Q62),256) -> 218
A63: =data!A63 -> C380 | B63: =HEX2DEC(data!B63) -> 255 | C63: =HEX2DEC(data!C63) -> 0 | D63: =HEX2DEC(data!D63) -> 0 | E63: =HEX2DEC(data!E63) -> 255 | F63: =HEX2DEC(data!F63) -> 255 | G63: =HEX2DEC(data!G63) -> 0 | H63: =HEX2DEC(data!H63) -> 0 | I63: =HEX2DEC(data!I63) -> 255 | ... Q63: =HEX2DEC(data!Q63) -> 255 | R63: =MOD(SUM(B63:Q63),256) -> 233
A64: =data!A64 -> C390 | B64: =HEX2DEC(data!B64) -> 255 | C64: =HEX2DEC(data!C64) -> 0 | D64: =HEX2DEC(data!D64) -> 0 | E64: =HEX2DEC(data!E64) -> 255 | F64: =HEX2DEC(data!F64) -> 16 | G64: =HEX2DEC(data!G64) -> 31 | H64: =HEX2DEC(data!H64) -> 192 | I64: =HEX2DEC(data!I64) -> 0 | ... Q64: =HEX2DEC(data!Q64) -> 255 | R64: =MOD(SUM(B64:Q64),256) -> 233
A65: =data!A65 -> C3A0 | B65: =HEX2DEC(data!B65) -> 16 | C65: =HEX2DEC(data!C65) -> 31 | D65: =HEX2DEC(data!D65) -> 192 | E65: =HEX2DEC(data!E65) -> 0 | F65: =HEX2DEC(data!F65) -> 255 | G65: =HEX2DEC(data!G65) -> 0 | H65: =HEX2DEC(data!H65) -> 0 | I65: =HEX2DEC(data!I65) -> 255 | ... Q65: =HEX2DEC(data!Q65) -> 0 | R65: =MOD(SUM(B65:Q65),256) -> 218
A66: =data!A66 -> C3B0 | B66: =HEX2DEC(data!B66) -> 255 | C66: =HEX2DEC(data!C66) -> 0 | D66: =HEX2DEC(data!D66) -> 0 | E66: =HEX2DEC(data!E66) -> 255 | F66: =HEX2DEC(data!F66) -> 255 | G66: =HEX2DEC(data!G66) -> 0 | H66: =HEX2DEC(data!H66) -> 0 | I66: =HEX2DEC(data!I66) -> 255 | ... Q66: =HEX2DEC(data!Q66) -> 255 | R66: =MOD(SUM(B66:Q66),256) -> 233
... A70: =data!A70 -> C3F0 | B70: =HEX2DEC(data!B70) -> 0 | C70: =HEX2DEC(data!C70) -> 0 | D70: =HEX2DEC(data!D70) -> 255 | E70: =HEX2DEC(data!E70) -> 6 | F70: =HEX2DEC(data!F70) -> 6 | G70: =HEX2DEC(data!G70) -> 254 | H70: =HEX2DEC(data!H70) -> 0 | I70: =HEX2DEC(data!I70) -> 0 | ... Q70: =HEX2DEC(data!Q70) -> 3 | R70: =MOD(SUM(B70:Q70),256) -> 11
B71: =MOD(SUM(B55:B70),256) -> 80 | C71: =MOD(SUM(C55:C70),256) -> 116 | D71: =MOD(SUM(D55:D70),256) -> 254 | E71: =MOD(SUM(E55:E70),256) -> 46 | F71: =MOD(SUM(F55:F70),256) -> 110 | G71: =MOD(SUM(G55:G70),256) -> 106 | H71: =MOD(SUM(H55:H70),256) -> 255 | I71: =MOD(SUM(I55:I70),256) -> 254 | ... Q71: =MOD(SUM(Q55:Q70),256) -> 19 | R71: =MOD(SUM(B71:Q71),256) -> 77
A73: =data!A73 -> C400 | B73: =HEX2DEC(data!B73) -> 3 | C73: =HEX2DEC(data!C73) -> 255 | D73: =HEX2DEC(data!D73) -> 0 | E73: =HEX2DEC(data!E73) -> 0 | F73: =HEX2DEC(data!F73) -> 0 | G73: =HEX2DEC(data!G73) -> 0 | H73: =HEX2DEC(data!H73) -> 0 | I73: =HEX2DEC(data!I73) -> 0 | ... Q73: =HEX2DEC(data!Q73) -> 128 | R73: =MOD(SUM(B73:Q73),256) -> 2
A74: =data!A74 -> C410 | B74: =HEX2DEC(data!B74) -> 128 | C74: =HEX2DEC(data!C74) -> 0 | D74: =HEX2DEC(data!D74) -> 0 | E74: =HEX2DEC(data!E74) -> 0 | F74: =HEX2DEC(data!F74) -> 0 | G74: =HEX2DEC(data!G74) -> 0 | H74: =HEX2DEC(data!H74) -> 255 | I74: =HEX2DEC(data!I74) -> 1 | ... Q74: =HEX2DEC(data!Q74) -> 0 | R74: =MOD(SUM(B74:Q74),256) -> 192
A75: =data!A75 -> C420 | B75: =HEX2DEC(data!B75) -> 0 | C75: =HEX2DEC(data!C75) -> 0 | D75: =HEX2DEC(data!D75) -> 255 | E75: =HEX2DEC(data!E75) -> 0 | F75: =HEX2DEC(data!F75) -> 0 | G75: =HEX2DEC(data!G75) -> 255 | H75: =HEX2DEC(data!H75) -> 224 | I75: =HEX2DEC(data!I75) -> 224 | ... Q75: =HEX2DEC(data!Q75) -> 0 | R75: =MOD(SUM(B75:Q75),256) -> 157
A76: =data!A76 -> C430 | B76: =HEX2DEC(data!B76) -> 0 | C76: =HEX2DEC(data!C76) -> 255 | D76: =HEX2DEC(data!D76) -> 224 | E76: =HEX2DEC(data!E76) -> 224 | F76: =HEX2DEC(data!F76) -> 224 | G76: =HEX2DEC(data!G76) -> 0 | H76: =HEX2DEC(data!H76) -> 0 | I76: =HEX2DEC(data!I76) -> 0 | ... Q76: =HEX2DEC(data!Q76) -> 240 | R76: =MOD(SUM(B76:Q76),256) -> 125
A77: =data!A77 -> C440 | B77: =HEX2DEC(data!B77) -> 240 | C77: =HEX2DEC(data!C77) -> 0 | D77: =HEX2DEC(data!D77) -> 0 | E77: =HEX2DEC(data!E77) -> 0 | F77: =HEX2DEC(data!F77) -> 0 | G77: =HEX2DEC(data!G77) -> 0 | H77: =HEX2DEC(data!H77) -> 255 | I77: =HEX2DEC(data!I77) -> 0 | ... Q77: =HEX2DEC(data!Q77) -> 0 | R77: =MOD(SUM(B77:Q77),256) -> 150
A78: =data!A78 -> C450 | B78: =HEX2DEC(data!B78) -> 0 | C78: =HEX2DEC(data!C78) -> 0 | D78: =HEX2DEC(data!D78) -> 255 | E78: =HEX2DEC(data!E78) -> 0 | F78: =HEX2DEC(data!F78) -> 0 | G78: =HEX2DEC(data!G78) -> 255 | H78: =HEX2DEC(data!H78) -> 252 | I78: =HEX2DEC(data!I78) -> 220 | ... Q78: =HEX2DEC(data!Q78) -> 0 | R78: =MOD(SUM(B78:Q78),256) -> 177
A79: =data!A79 -> C460 | B79: =HEX2DEC(data!B79) -> 0 | C79: =HEX2DEC(data!C79) -> 255 | D79: =HEX2DEC(data!D79) -> 252 | E79: =HEX2DEC(data!E79) -> 204 | F79: =HEX2DEC(data!F79) -> 204 | G79: =HEX2DEC(data!G79) -> 0 | H79: =HEX2DEC(data!H79) -> 0 | I79: =HEX2DEC(data!I79) -> 0 | ... Q79: =HEX2DEC(data!Q79) -> 198 | R79: =MOD(SUM(B79:Q79),256) -> 85
A80: =data!A80 -> C470 | B80: =HEX2DEC(data!B80) -> 198 | C80: =HEX2DEC(data!C80) -> 0 | D80: =HEX2DEC(data!D80) -> 0 | E80: =HEX2DEC(data!E80) -> 0 | F80: =HEX2DEC(data!F80) -> 0 | G80: =HEX2DEC(data!G80) -> 0 | H80: =HEX2DEC(data!H80) -> 255 | I80: =HEX2DEC(data!I80) -> 0 | ... Q80: =HEX2DEC(data!Q80) -> 0 | R80: =MOD(SUM(B80:Q80),256) -> 73
A81: =data!A81 -> C480 | B81: =HEX2DEC(data!B81) -> 0 | C81: =HEX2DEC(data!C81) -> 0 | D81: =HEX2DEC(data!D81) -> 255 | E81: =HEX2DEC(data!E81) -> 0 | F81: =HEX2DEC(data!F81) -> 0 | G81: =HEX2DEC(data!G81) -> 255 | H81: =HEX2DEC(data!H81) -> 15 | I81: =HEX2DEC(data!I81) -> 8 | ... Q81: =HEX2DEC(data!Q81) -> 0 | R81: =MOD(SUM(B81:Q81),256) -> 11
A82: =data!A82 -> C490 | B82: =HEX2DEC(data!B82) -> 0 | C82: =HEX2DEC(data!C82) -> 255 | D82: =HEX2DEC(data!D82) -> 15 | E82: =HEX2DEC(data!E82) -> 8 | F82: =HEX2DEC(data!F82) -> 248 | G82: =HEX2DEC(data!G82) -> 255 | H82: =HEX2DEC(data!H82) -> 0 | I82: =HEX2DEC(data!I82) -> 0 | ... Q82: =HEX2DEC(data!Q82) -> 8 | R82: =MOD(SUM(B82:Q82),256) -> 34
A83: =data!A83 -> C4A0 | B83: =HEX2DEC(data!B83) -> 248 | C83: =HEX2DEC(data!C83) -> 255 | D83: =HEX2DEC(data!D83) -> 0 | E83: =HEX2DEC(data!E83) -> 0 | F83: =HEX2DEC(data!F83) -> 0 | G83: =HEX2DEC(data!G83) -> 0 | H83: =HEX2DEC(data!H83) -> 255 | I83: =HEX2DEC(data!I83) -> 0 | ... Q83: =HEX2DEC(data!Q83) -> 0 | R83: =MOD(SUM(B83:Q83),256) -> 3
A84: =data!A84 -> C4B0 | B84: =HEX2DEC(data!B84) -> 0 | C84: =HEX2DEC(data!C84) -> 0 | D84: =HEX2DEC(data!D84) -> 255 | E84: =HEX2DEC(data!E84) -> 0 | F84: =HEX2DEC(data!F84) -> 0 | G84: =HEX2DEC(data!G84) -> 255 | H84: =HEX2DEC(data!H84) -> 15 | I84: =HEX2DEC(data!I84) -> 8 | ... Q84: =HEX2DEC(data!Q84) -> 0 | R84: =MOD(SUM(B84:Q84),256) -> 11
... A88: =data!A88 -> C4F0 | B88: =HEX2DEC(data!B88) -> 1 | C88: =HEX2DEC(data!C88) -> 255 | D88: =HEX2DEC(data!D88) -> 255 | E88: =HEX2DEC(data!E88) -> 192 | F88: =HEX2DEC(data!F88) -> 192 | G88: =HEX2DEC(data!G88) -> 255 | H88: =HEX2DEC(data!H88) -> 0 | I88: =HEX2DEC(data!I88) -> 0 | ... Q88: =HEX2DEC(data!Q88) -> 0 | R88: =MOD(SUM(B88:Q88),256) -> 129
B89: =MOD(SUM(B73:B88),256) -> 42 | C89: =MOD(SUM(C73:C88),256) -> 248 | D89: =MOD(SUM(D73:D88),256) -> 244 | E89: =MOD(SUM(E73:E88),256) -> 124 | F89: =MOD(SUM(F73:F88),256) -> 92 | G89: =MOD(SUM(G73:G88),256) -> 248 | H89: =MOD(SUM(H73:H88),256) -> 52 | I89: =MOD(SUM(I73:I88),256) -> 253 | ... R89: =MOD(SUM(R73:R88),256) -> 46
A91: =data!A91 -> C500 | B91: =HEX2DEC(data!B91) -> 0 | C91: =HEX2DEC(data!C91) -> 255 | D91: =HEX2DEC(data!D91) -> 0 | E91: =HEX2DEC(data!E91) -> 0 | F91: =HEX2DEC(data!F91) -> 255 | G91: =HEX2DEC(data!G91) -> 255 | H91: =HEX2DEC(data!H91) -> 255 | I91: =HEX2DEC(data!I91) -> 255 | ... Q91: =HEX2DEC(data!Q91) -> 0 | R91: =MOD(SUM(B91:Q91),256) -> 241
A92: =data!A92 -> C510 | B92: =HEX2DEC(data!B92) -> 255 | C92: =HEX2DEC(data!C92) -> 128 | D92: =HEX2DEC(data!D92) -> 128 | E92: =HEX2DEC(data!E92) -> 255 | F92: =HEX2DEC(data!F92) -> 0 | G92: =HEX2DEC(data!G92) -> 0 | H92: =HEX2DEC(data!H92) -> 255 | I92: =HEX2DEC(data!I92) -> 0 | ... Q92: =HEX2DEC(data!Q92) -> 255 | R92: =MOD(SUM(B92:Q92),256) -> 250
A93: =data!A93 -> C520 | B93: =HEX2DEC(data!B93) -> 0 | C93: =HEX2DEC(data!C93) -> 0 | D93: =HEX2DEC(data!D93) -> 255 | E93: =HEX2DEC(data!E93) -> 0 | F93: =HEX2DEC(data!F93) -> 0 | G93: =HEX2DEC(data!G93) -> 255 | H93: =HEX2DEC(data!H93) -> 0 | I93: =HEX2DEC(data!I93) -> 0 | ... Q93: =HEX2DEC(data!Q93) -> 255 | R93: =MOD(SUM(B93:Q93),256) -> 246
A94: =data!A94 -> C530 | B94: =HEX2DEC(data!B94) -> 255 | C94: =HEX2DEC(data!C94) -> 255 | D94: =HEX2DEC(data!D94) -> 255 | E94: =HEX2DEC(data!E94) -> 255 | F94: =HEX2DEC(data!F94) -> 255 | G94: =HEX2DEC(data!G94) -> 255 | H94: =HEX2DEC(data!H94) -> 255 | I94: =HEX2DEC(data!I94) -> 255 | ... Q94: =HEX2DEC(data!Q94) -> 255 | R94: =MOD(SUM(B94:Q94),256) -> 240
A95: =data!A95 -> C540 | B95: =HEX2DEC(data!B95) -> 255 | C95: =HEX2DEC(data!C95) -> 0 | D95: =HEX2DEC(data!D95) -> 0 | E95: =HEX2DEC(data!E95) -> 255 | F95: =HEX2DEC(data!F95) -> 16 | G95: =HEX2DEC(data!G95) -> 31 | H95: =HEX2DEC(data!H95) -> 192 | I95: =HEX2DEC(data!I95) -> 0 | ... Q95: =HEX2DEC(data!Q95) -> 255 | R95: =MOD(SUM(B95:Q95),256) -> 233
A96: =data!A96 -> C550 | B96: =HEX2DEC(data!B96) -> 16 | C96: =HEX2DEC(data!C96) -> 31 | D96: =HEX2DEC(data!D96) -> 192 | E96: =HEX2DEC(data!E96) -> 0 | F96: =HEX2DEC(data!F96) -> 255 | G96: =HEX2DEC(data!G96) -> 0 | H96: =HEX2DEC(data!H96) -> 0 | I96: =HEX2DEC(data!I96) -> 255 | ... Q96: =HEX2DEC(data!Q96) -> 0 | R96: =MOD(SUM(B96:Q96),256) -> 218
A97: =data!A97 -> C560 | B97: =HEX2DEC(data!B97) -> 255 | C97: =HEX2DEC(data!C97) -> 0 | D97: =HEX2DEC(data!D97) -> 0 | E97: =HEX2DEC(data!E97) -> 255 | F97: =HEX2DEC(data!F97) -> 255 | G97: =HEX2DEC(data!G97) -> 0 | H97: =HEX2DEC(data!H97) -> 0 | I97: =HEX2DEC(data!I97) -> 255 | ... Q97: =HEX2DEC(data!Q97) -> 255 | R97: =MOD(SUM(B97:Q97),256) -> 233
A98: =data!A98 -> C570 | B98: =HEX2DEC(data!B98) -> 255 | C98: =HEX2DEC(data!C98) -> 0 | D98: =HEX2DEC(data!D98) -> 0 | E98: =HEX2DEC(data!E98) -> 255 | F98: =HEX2DEC(data!F98) -> 16 | G98: =HEX2DEC(data!G98) -> 31 | H98: =HEX2DEC(data!H98) -> 192 | I98: =HEX2DEC(data!I98) -> 0 | ... Q98: =HEX2DEC(data!Q98) -> 255 | R98: =MOD(SUM(B98:Q98),256) -> 233
A99: =data!A99 -> C580 | B99: =HEX2DEC(data!B99) -> 16 | C99: =HEX2DEC(data!C99) -> 31 | D99: =HEX2DEC(data!D99) -> 192 | E99: =HEX2DEC(data!E99) -> 0 | F99: =HEX2DEC(data!F99) -> 255 | G99: =HEX2DEC(data!G99) -> 0 | H99: =HEX2DEC(data!H99) -> 0 | I99: =HEX2DEC(data!I99) -> 255 | ... Q99: =HEX2DEC(data!Q99) -> 0 | R99: =MOD(SUM(B99:Q99),256) -> 2
A100: =data!A100 -> C590 | B100: =HEX2DEC(data!B100) -> 255 | C100: =HEX2DEC(data!C100) -> 0 | D100: =HEX2DEC(data!D100) -> 0 | E100: =HEX2DEC(data!E100) -> 255 | F100: =HEX2DEC(data!F100) -> 255 | G100: =HEX2DEC(data!G100) -> 0 | H100: =HEX2DEC(data!H100) -> 0 | I100: =HEX2DEC(data!I100) -> 255 | ... Q100: =HEX2DEC(data!Q100) -> 255 | R100: =MOD(SUM(B100:Q100),256) -> 241
A101: =data!A101 -> C5A0 | B101: =HEX2DEC(data!B101) -> 255 | C101: =HEX2DEC(data!C101) -> 0 | D101: =HEX2DEC(data!D101) -> 0 | E101: =HEX2DEC(data!E101) -> 255 | F101: =HEX2DEC(data!F101) -> 12 | G101: =HEX2DEC(data!G101) -> 15 | H101: =HEX2DEC(data!H101) -> 240 | I101: =HEX2DEC(data!I101) -> 0 | ... Q101: =HEX2DEC(data!Q101) -> 255 | R101: =MOD(SUM(B101:Q101),256) -> 5
A102: =data!A102 -> C5B0 | B102: =HEX2DEC(data!B102) -> 3 | C102: =HEX2DEC(data!C102) -> 3 | D102: =HEX2DEC(data!D102) -> 254 | E102: =HEX2DEC(data!E102) -> 128 | F102: =HEX2DEC(data!F102) -> 255 | G102: =HEX2DEC(data!G102) -> 0 | H102: =HEX2DEC(data!H102) -> 0 | I102: =HEX2DEC(data!I102) -> 255 | ... Q102: =HEX2DEC(data!Q102) -> 192 | R102: =MOD(SUM(B102:Q102),256) -> 63
... A106: =data!A106 -> C5F0 | B106: =HEX2DEC(data!B106) -> 255 | C106: =HEX2DEC(data!C106) -> 255 | D106: =HEX2DEC(data!D106) -> 255 | E106: =HEX2DEC(data!E106) -> 255 | F106: =HEX2DEC(data!F106) -> 255 | G106: =HEX2DEC(data!G106) -> 255 | H106: =HEX2DEC(data!H106) -> 255 | I106: =HEX2DEC(data!I106) -> 255 | ... Q106: =HEX2DEC(data!Q106) -> 255 | R106: =MOD(SUM(B106:Q106),256) -> 240
B107: =MOD(SUM(B91:B106),256) -> 25 | C107: =MOD(SUM(C91:C106),256) -> 158 | D107: =MOD(SUM(D91:D106),256) -> 250 | E107: =MOD(SUM(E91:E106),256) -> 118 | F107: =MOD(SUM(F91:F106),256) -> 35 | G107: =MOD(SUM(G91:G106),256) -> 72 | H107: =MOD(SUM(H91:H106),256) -> 107 | I107: =MOD(SUM(I91:I106),256) -> 247 | ... R107: =MOD(SUM(R91:R106),256) -> 211
A109: =data!A109 -> C600 | B109: =HEX2DEC(data!B109) -> 0 | C109: =HEX2DEC(data!C109) -> 0 | D109: =HEX2DEC(data!D109) -> 255 | E109: =HEX2DEC(data!E109) -> 1 | F109: =HEX2DEC(data!F109) -> 1 | G109: =HEX2DEC(data!G109) -> 255 | H109: =HEX2DEC(data!H109) -> 255 | I109: =HEX2DEC(data!I109) -> 131 | ... Q109: =HEX2DEC(data!Q109) -> 1 | R109: =MOD(SUM(B109:Q109),256) -> 5
A110: =data!A110 -> C610 | B110: =HEX2DEC(data!B110) -> 1 | C110: =HEX2DEC(data!C110) -> 255 | D110: =HEX2DEC(data!D110) -> 255 | E110: =HEX2DEC(data!E110) -> 129 | F110: =HEX2DEC(data!F110) -> 129 | G110: =HEX2DEC(data!G110) -> 128 | H110: =HEX2DEC(data!H110) -> 128 | I110: =HEX2DEC(data!I110) -> 128 | ... Q110: =HEX2DEC(data!Q110) -> 1 | R110: =MOD(SUM(B110:Q110),256) -> 129
A111: =data!A111 -> C620 | B111: =HEX2DEC(data!B111) -> 1 | C111: =HEX2DEC(data!C111) -> 128 | D111: =HEX2DEC(data!D111) -> 128 | E111: =HEX2DEC(data!E111) -> 128 | F111: =HEX2DEC(data!F111) -> 0 | G111: =HEX2DEC(data!G111) -> 0 | H111: =HEX2DEC(data!H111) -> 255 | I111: =HEX2DEC(data!I111) -> 3 | ... Q111: =HEX2DEC(data!Q111) -> 192 | R111: =MOD(SUM(B111:Q111),256) -> 196
A112: =data!A112 -> C630 | B112: =HEX2DEC(data!B112) -> 0 | C112: =HEX2DEC(data!C112) -> 0 | D112: =HEX2DEC(data!D112) -> 255 | E112: =HEX2DEC(data!E112) -> 3 | F112: =HEX2DEC(data!F112) -> 3 | G112: =HEX2DEC(data!G112) -> 255 | H112: =HEX2DEC(data!H112) -> 255 | I112: =HEX2DEC(data!I112) -> 0 | ... Q112: =HEX2DEC(data!Q112) -> 7 | R112: =MOD(SUM(B112:Q112),256) -> 169
A113: =data!A113 -> C640 | B113: =HEX2DEC(data!B113) -> 6 | C113: =HEX2DEC(data!C113) -> 255 | D113: =HEX2DEC(data!D113) -> 255 | E113: =HEX2DEC(data!E113) -> 0 | F113: =HEX2DEC(data!F113) -> 0 | G113: =HEX2DEC(data!G113) -> 224 | H113: =HEX2DEC(data!H113) -> 96 | I113: =HEX2DEC(data!I113) -> 96 | ... Q113: =HEX2DEC(data!Q113) -> 0 | R113: =MOD(SUM(B113:Q113),256) -> 185
A114: =data!A114 -> C650 | B114: =HEX2DEC(data!B114) -> 0 | C114: =HEX2DEC(data!C114) -> 240 | D114: =HEX2DEC(data!D114) -> 48 | E114: =HEX2DEC(data!E114) -> 48 | F114: =HEX2DEC(data!F114) -> 0 | G114: =HEX2DEC(data!G114) -> 0 | H114: =HEX2DEC(data!H114) -> 255 | I114: =HEX2DEC(data!I114) -> 31 | ... Q114: =HEX2DEC(data!Q114) -> 24 | R114: =MOD(SUM(B114:Q114),256) -> 169
A115: =data!A115 -> C660 | B115: =HEX2DEC(data!B115) -> 0 | C115: =HEX2DEC(data!C115) -> 0 | D115: =HEX2DEC(data!D115) -> 255 | E115: =HEX2DEC(data!E115) -> 63 | F115: =HEX2DEC(data!F115) -> 48 | G115: =HEX2DEC(data!G115) -> 240 | H115: =HEX2DEC(data!H115) -> 255 | I115: =HEX2DEC(data!I115) -> 0 | ... Q115: =HEX2DEC(data!Q115) -> 255 | R115: =MOD(SUM(B115:Q115),256) -> 131
A116: =data!A116 -> C670 | B116: =HEX2DEC(data!B116) -> 224 | C116: =HEX2DEC(data!C116) -> 224 | D116: =HEX2DEC(data!D116) -> 255 | E116: =HEX2DEC(data!E116) -> 0 | F116: =HEX2DEC(data!F116) -> 0 | G116: =HEX2DEC(data!G116) -> 252 | H116: =HEX2DEC(data!H116) -> 12 | I116: =HEX2DEC(data!I116) -> 12 | ... Q116: =HEX2DEC(data!Q116) -> 0 | R116: =MOD(SUM(B116:Q116),256) -> 238
A117: =data!A117 -> C680 | B117: =HEX2DEC(data!B117) -> 0 | C117: =HEX2DEC(data!C117) -> 254 | D117: =HEX2DEC(data!D117) -> 6 | E117: =HEX2DEC(data!E117) -> 6 | F117: =HEX2DEC(data!F117) -> 255 | G117: =HEX2DEC(data!G117) -> 248 | H117: =HEX2DEC(data!H117) -> 248 | I117: =HEX2DEC(data!I117) -> 255 | ... Q117: =HEX2DEC(data!Q117) -> 6 | R117: =MOD(SUM(B117:Q117),256) -> 1
A118: =data!A118 -> C690 | B118: =HEX2DEC(data!B118) -> 255 | C118: =HEX2DEC(data!C118) -> 0 | D118: =HEX2DEC(data!D118) -> 0 | E118: =HEX2DEC(data!E118) -> 255 | F118: =HEX2DEC(data!F118) -> 0 | G118: =HEX2DEC(data!G118) -> 0 | H118: =HEX2DEC(data!H118) -> 255 | I118: =HEX2DEC(data!I118) -> 0 | ... Q118: =HEX2DEC(data!Q118) -> 255 | R118: =MOD(SUM(B118:Q118),256) -> 0
A119: =data!A119 -> C6A0 | B119: =HEX2DEC(data!B119) -> 0 | C119: =HEX2DEC(data!C119) -> 0 | D119: =HEX2DEC(data!D119) -> 255 | E119: =HEX2DEC(data!E119) -> 0 | F119: =HEX2DEC(data!F119) -> 0 | G119: =HEX2DEC(data!G119) -> 255 | H119: =HEX2DEC(data!H119) -> 3 | I119: =HEX2DEC(data!I119) -> 3 | ... Q119: =HEX2DEC(data!Q119) -> 255 | R119: =MOD(SUM(B119:Q119),256) -> 252
A120: =data!A120 -> C6B0 | B120: =HEX2DEC(data!B120) -> 255 | C120: =HEX2DEC(data!C120) -> 255 | D120: =HEX2DEC(data!D120) -> 255 | E120: =HEX2DEC(data!E120) -> 255 | F120: =HEX2DEC(data!F120) -> 255 | G120: =HEX2DEC(data!G120) -> 255 | H120: =HEX2DEC(data!H120) -> 255 | I120: =HEX2DEC(data!I120) -> 255 | ... Q120: =HEX2DEC(data!Q120) -> 255 | R120: =MOD(SUM(B120:Q120),256) -> 240
... A124: =data!A124 -> C6F0 | B124: =HEX2DEC(data!B124) -> 127 | C124: =HEX2DEC(data!C124) -> 64 | D124: =HEX2DEC(data!D124) -> 64 | E124: =HEX2DEC(data!E124) -> 255 | F124: =HEX2DEC(data!F124) -> 0 | G124: =HEX2DEC(data!G124) -> 0 | H124: =HEX2DEC(data!H124) -> 255 | I124: =HEX2DEC(data!I124) -> 0 | ... Q124: =HEX2DEC(data!Q124) -> 0 | R124: =MOD(SUM(B124:Q124),256) -> 121
B125: =MOD(SUM(B109:B124),256) -> 100 | C125: =MOD(SUM(C109:C124),256) -> 138 | D125: =MOD(SUM(D109:D124),256) -> 237 | E125: =MOD(SUM(E109:E124),256) -> 118 | F125: =MOD(SUM(F109:F124),256) -> 178 | G125: =MOD(SUM(G109:G124),256) -> 0 | H125: =MOD(SUM(H109:H124),256) -> 159 | I125: =MOD(SUM(I109:I124),256) -> 145 | ... R125: =MOD(SUM(R109:R124),256) -> 156
A127: =data!A127 -> C700 | B127: =HEX2DEC(data!B127) -> 0 | C127: =HEX2DEC(data!C127) -> 0 | D127: =HEX2DEC(data!D127) -> 7 | E127: =HEX2DEC(data!E127) -> 0 | F127: =HEX2DEC(data!F127) -> 0 | G127: =HEX2DEC(data!G127) -> 249 | H127: =HEX2DEC(data!H127) -> 1 | I127: =HEX2DEC(data!I127) -> 1 | ... Q127: =HEX2DEC(data!Q127) -> 160 | R127: =MOD(SUM(B127:Q127),256) -> 123
A128: =data!A128 -> C710 | B128: =HEX2DEC(data!B128) -> 160 | C128: =HEX2DEC(data!C128) -> 226 | D128: =HEX2DEC(data!D128) -> 2 | E128: =HEX2DEC(data!E128) -> 2 | F128: =HEX2DEC(data!F128) -> 30 | G128: =HEX2DEC(data!G128) -> 24 | H128: =HEX2DEC(data!H128) -> 24 | I128: =HEX2DEC(data!I128) -> 85 | ... Q128: =HEX2DEC(data!Q128) -> 21 | R128: =MOD(SUM(B128:Q128),256) -> 17
...

Sheet data
A1: C000 | B1: FF | C1: FF | D1: FF | E1: FF | F1: FF | G1: FF | H1: FF | I1: FF | J1: FF | K1: FF | L1: FF | M1: FF | N1: FF | O1: FF | P1: FF | Q1: FF
A2: C010 | B2: FF | C2: FF | D2: FF | E2: FF | F2: FF | G2: FF | H2: FF | I2: FF | J2: FF | K2: 80 | L2: 80 | M2: FF | N2: 0 | O2: 0 | P2: FF | Q2: 0
A3: C020 | B3: 0 | C3: FF | D3: 0 | E3: 0 | F3: FF | G3: 80 | H3: 80 | I3: FF | J3: 0 | K3: 0 | L3: FF | M3: 0 | N3: 0 | O3: FF | P3: 0 | Q3: 0
A4: C030 | B4: FF | C4: FF | D4: FF | E4: FF | F4: FC | G4: FC | H4: FF | I4: 0 | J4: 0 | K4: FF | L4: 0 | M4: 0 | N4: 0 | O4: 0 | P4: FF | Q4: 3
A5: C040 | B5: 3 | C5: FF | D5: FF | E5: 0 | F5: 0 | G5: FF | H5: 0 | I5: 0 | J5: 0 | K5: 0 | L5: FF | M5: 1 | N5: 1 | O5: FF | P5: FF | Q5: C0
A6: C050 | B6: C0 | C6: FF | D6: 0 | E6: 0 | F6: 0 | G6: 0 | H6: FF | I6: 0 | J6: 0 | K6: FF | L6: 3F | M6: 30 | N6: F0 | O6: FF | P6: 0 | Q6: 0
A7: C060 | B7: 0 | C7: 0 | D7: FF | E7: 0 | F7: 0 | G7: FF | H7: 1F | I7: 10 | J7: F0 | K7: FF | L7: 0 | M7: 0 | N7: 0 | O7: 0 | P7: FF | Q7: 0
A8: C070 | B8: 0 | C8: FF | D8: 1F | E8: 18 | F8: F8 | G8: FF | H8: 0 | I8: 0 | J8: 0 | K8: 0 | L8: FF | M8: 0 | N8: 0 | O8: FF | P8: 0F | Q8: 8
A9: C080 | B9: F8 | C9: FF | D9: 0 | E9: 0 | F9: 0 | G9: 0 | H9: FF | I9: 0 | J9: 0 | K9: FF | L9: 0F | M9: 8 | N9: F8 | O9: FF | P9: 0 | Q9: 0
A10: C090 | B10: 0 | C10: 0 | D10: FF | E10: 0 | F10: 0 | G10: FF | H10: 0F | I10: 8 | J10: F8 | K10: FF | L10: 0 | M10: 0 | N10: 0 | O10: 0 | P10: FF | Q10: 0
A11: C0A0 | B11: 0 | C11: FF | D11: 0F | E11: 8 | F11: F8 | G11: FF | H11: 0 | I11: 0 | J11: 0 | K11: 0 | L11: FF | M11: 0 | N11: 0 | O11: FF | P11: 0F | Q11: 8
A12: C0B0 | B12: F8 | C12: FF | D12: 0 | E12: 0 | F12: 0 | G12: 0 | H12: FF | I12: 0 | J12: 0 | K12: FF | L12: 0F | M12: 8 | N12: F8 | O12: FF | P12: 0 | Q12: 0
A13: C0C0 | B13: FF | C13: FF | D13: FF | E13: FF | F13: FF | G13: FF | H13: FF | I13: FF | J13: FF | K13: FF | L13: FF | M13: FF | N13: FF | O13: FF | P13: FF | Q13: FF
A14: C0D0 | B14: FF | C14: FF | D14: FF | E14: FF | F14: FF | G14: FF | H14: FF | I14: FF | J14: FF | K14: 0 | L14: 0 | M14: FF | N14: 0 | O14: 0 | P14: FF | Q14: 0
A15: C0E0 | B15: 0 | C15: FF | D15: 1 | E15: 1 | F15: FF | G15: 0 | H15: 0 | I15: FF | J15: 0 | K15: 0 | L15: FF | M15: 0 | N15: 0 | O15: FF | P15: 1 | Q15: 1
A16: C0F0 | B16: FF | C16: 0 | D16: 0 | E16: FF | F16: 0 | G16: 0 | H16: FF | I16: 3F | J16: 3F | K16: FF | L16: FF | M16: FF | N16: FF | O16: 0 | P16: 0 | Q16: FF
A19: C100 | B19: 0 | C19: 0 | D19: FF | E19: C0 | F19: FF | G19: E0 | H19: 0 | I19: FF | J19: FF | K19: 0 | L19: 0 | M19: FF | N19: 3 | O19: 3 | P19: FE | Q19: 80
A20: C110 | B20: FF | C20: 0 | D20: 0 | E20: FF | F20: FF | G20: 0 | H20: 0 | I20: FF | J20: 0C | K20: 0F | L20: F0 | M20: 0 | N20: FF | O20: 0 | P20: 0 | Q20: FF
A21: C120 | B21: FF | C21: 0 | D21: 0 | E21: FF | F21: 8 | G21: 0F | H21: E0 | I21: 0 | J21: FF | K21: 0 | L21: 0 | M21: FF | N21: FF | O21: 0 | P21: 0 | Q21: FF
A22: C130 | B22: 18 | C22: 1F | D22: E0 | E22: 0 | F22: FF | G22: 0 | H22: 0 | I22: FF | J22: FF | K22: 0 | L22: 0 | M22: FF | N22: 10 | O22: 1F | P22: C0 | Q22: 0
A23: C140 | B23: FF | C23: 0 | D23: 0 | E23: FF | F23: FF | G23: 0 | H23: 0 | I23: FF | J23: 10 | K23: 1F | L23: C0 | M23: 0 | N23: FF | O23: 0 | P23: 0 | Q23: FF
A24: C150 | B24: FF | C24: 0 | D24: 0 | E24: FF | F24: 10 | G24: 1F | H24: C0 | I24: 0 | J24: FF | K24: 0 | L24: 0 | M24: FF | N24: FF | O24: 0 | P24: 0 | Q24: FF
A25: C160 | B25: 10 | C25: 1F | D25: C0 | E25: 0 | F25: FF | G25: 0 | H25: 0 | I25: FF | J25: FF | K25: 0 | L25: 0 | M25: FF | N25: 10 | O25: 1F | P25: C0 | Q25: 0
A26: C170 | B26: FF | C26: 0 | D26: 0 | E26: FF | F26: FF | G26: 0 | H26: 0 | I26: FF | J26: 10 | K26: 1F | L26: C0 | M26: 0 | N26: FF | O26: 0 | P26: 0 | Q26: FF
A27: C180 | B27: 80 | C27: 80 | D27: 80 | E27: 0 | F27: 0 | G27: 0 | H27: 0 | I27: 0 | J27: 0 | K27: 0 | L27: 0 | M27: 0 | N27: C0 | O27: C0 | P27: C0 | Q27: 0
A28: C190 | B28: 0 | C28: 0 | D28: 0 | E28: 0 | F28: 0 | G28: 0 | H28: 0 | I28: 0 | J28: E0 | K28: E0 | L28: E0 | M28: 0 | N28: 0 | O28: 0 | P28: 0 | Q28: 0
A29: C1A0 | B29: 0 | C29: 0 | D29: 0 | E29: 0 | F29: 60 | G29: 60 | H29: E0 | I29: 0 | J29: 0 | K29: 0 | L29: 0 | M29: 0 | N29: 0 | O29: 0 | P29: 0 | Q29: 0
A30: C1B0 | B30: 30 | C30: 30 | D30: F0 | E30: 0 | F30: 0 | G30: 0 | H30: 0 | I30: 0 | J30: 0 | K30: 0 | L30: 0 | M30: 0 | N30: 38 | O30: 38 | P30: F8 | Q30: 0
A31: C1C0 | B31: 0 | C31: 0 | D31: 0 | E31: 0 | F31: 0 | G31: 0 | H31: 0 | I31: 0 | J31: 18 | K31: 18 | L31: F8 | M31: 0 | N31: 0 | O31: 0 | P31: 0 | Q31: 0
A32: C1D0 | B32: 0 | C32: 0 | D32: 0 | E32: 0 | F32: 0C | G32: 0C | H32: FC | I32: 0 | J32: 0 | K32: 0 | L32: 0 | M32: 0 | N32: 0 | O32: 0 | P32: 0 | Q32: 0
A33: C1E0 | B33: 0E | C33: 0E | D33: FE | E33: 0 | F33: 0 | G33: 0 | H33: 0 | I33: 0 | J33: 0 | K33: 0 | L33: 0 | M33: 0 | N33: 7 | O33: 7 | P33: FF | Q33: 0
A34: C1F0 | B34: 0 | C34: 0 | D34: 0 | E34: 0 | F34: 0 | G34: 0 | H34: 0 | I34: 0 | J34: 3 | K34: 3 | L34: FF | M34: 0 | N34: 0 | O34: 0 | P34: 0 | Q34: 0
A37: C200 | B37: 0 | C37: 0 | D37: 0 | E37: 0 | F37: 1 | G37: 1 | H37: FF | I37: 80 | J37: 80 | K37: 80 | L37: 0 | M37: 0 | N37: 0 | O37: 0 | P37: 0 | Q37: 0
A38: C210 | B38: 1 | C38: 1 | D38: FF | E38: C0 | F38: C0 | G38: C0 | H38: 0 | I38: 0 | J38: 0 | K38: 0 | L38: 0 | M38: 0 | N38: 0 | O38: 0 | P38: FF | Q38: E0
A39: C220 | B39: E0 | C39: E0 | D39: 0 | E39: 0 | F39: 0 | G39: 0 | H39: 0 | I39: 0 | J39: 0 | K39: 0 | L39: FF | M39: 60 | N39: 60 | O39: E0 | P39: 0 | Q39: 0
A40: C230 | B40: 0 | C40: 0 | D40: 0 | E40: 0 | F40: 0 | G40: 0 | H40: FF | I40: 30 | J40: 30 | K40: F0 | L40: 0 | M40: 0 | N40: 0 | O40: 0 | P40: 0 | Q40: 0
A41: C240 | B41: 0 | C41: 0 | D41: FF | E41: 0 | F41: 0 | G41: FF | H41: 0F | I41: 8 | J41: F8 | K41: FF | L41: 0 | M41: 0 | N41: 0 | O41: 0 | P41: FF | Q41: 0
A42: C250 | B42: 0 | C42: FF | D42: 0F | E42: 8 | F42: F8 | G42: FF | H42: 0 | I42: 0 | J42: 0 | K42: 0 | L42: FF | M42: 0 | N42: 0 | O42: FF | P42: 0F | Q42: 8
A43: C260 | B43: F8 | C43: FF | D43: 0 | E43: 0 | F43: 0 | G43: 0 | H43: FF | I43: 0 | J43: 0 | K43: FF | L43: 0F | M43: 8 | N43: F8 | O43: FF | P43: 0 | Q43: 0
A44: C270 | B44: 0 | C44: 0 | D44: FF | E44: 0 | F44: 0 | G44: FF | H44: 0F | I44: 8 | J44: F8 | K44: FF | L44: 0 | M44: 0 | N44: 0 | O44: 0 | P44: FF | Q44: 0
A45: C280 | B45: 0 | C45: FF | D45: 0F | E45: 8 | F45: F8 | G45: FF | H45: 0 | I45: 0 | J45: 0 | K45: 0 | L45: FF | M45: 0 | N45: 0 | O45: FF | P45: 0F | Q45: 8
A46: C290 | B46: F8 | C46: FF | D46: 0 | E46: 0 | F46: 0 | G46: 0 | H46: FF | I46: 0 | J46: 0 | K46: FF | L46: 0F | M46: 8 | N46: F8 | O46: FF | P46: 0 | Q46: 0
A47: C2A0 | B47: 0 | C47: 0 | D47: FF | E47: 0 | F47: 0 | G47: FF | H47: 0F | I47: 8 | J47: F8 | K47: FF | L47: 0 | M47: 0 | N47: 0 | O47: 0 | P47: FF | Q47: 0
A48: C2B0 | B48: 0 | C48: FF | D48: 0F | E48: 8 | F48: F8 | G48: FF | H48: 0 | I48: 0 | J48: 0 | K48: 0 | L48: FF | M48: 0 | N48: 0 | O48: FF | P48: 0F | Q48: 8
A49: C2C0 | B49: F8 | C49: FF | D49: 0 | E49: 0 | F49: 0 | G49: 0 | H49: FF | I49: 0 | J49: 0 | K49: FF | L49: 0F | M49: 8 | N49: F8 | O49: FF | P49: 0 | Q49: 0
A50: C2D0 | B50: 0 | C50: 0 | D50: FF | E50: 0 | F50: 0 | G50: FF | H50: 0F | I50: 8 | J50: F8 | K50: FF | L50: 0 | M50: 0 | N50: 0 | O50: 0 | P50: FF | Q50: 0
A51: C2E0 | B51: 0 | C51: FF | D51: 0F | E51: 8 | F51: F8 | G51: FF | H51: 0 | I51: 0 | J51: 0 | K51: 0 | L51: FF | M51: 0 | N51: 0 | O51: FF | P51: 0F | Q51: 8
A52: C2F0 | B52: F8 | C52: FF | D52: 0 | E52: 0 | F52: 0 | G52: 0 | H52: FF | I52: 0 | J52: 0 | K52: FF | L52: 0F | M52: 8 | N52: F8 | O52: FF | P52: 0 | Q52: 0
A55: C300 | B55: FF | C55: 0 | D55: 0 | E55: FF | F55: 10 | G55: 1F | H55: C0 | I55: 0 | J55: FF | K55: 0 | L55: 0 | M55: FF | N55: FF | O55: 0 | P55: 0 | Q55: FF
A56: C310 | B56: 10 | C56: 1F | D56: C0 | E56: 0 | F56: FF | G56: 0 | H56: 0 | I56: FF | J56: FF | K56: 0 | L56: 0 | M56: FF | N56: 10 | O56: 1F | P56: C0 | Q56: 0
A57: C320 | B57: FF | C57: 0 | D57: 0 | E57: FF | F57: FF | G57: 0 | H57: 0 | I57: FF | J57: 10 | K57: 1F | L57: C0 | M57: 0 | N57: FF | O57: 0 | P57: 0 | Q57: FF
A58: C330 | B58: FF | C58: 0 | D58: 0 | E58: FF | F58: 10 | G58: 1F | H58: C0 | I58: 0 | J58: FF | K58: 0 | L58: 0 | M58: FF | N58: FF | O58: 0 | P58: 0 | Q58: FF
A59: C340 | B59: 10 | C59: 1F | D59: C0 | E59: 0 | F59: FF | G59: 0 | H59: 0 | I59: FF | J59: FF | K59: 0 | L59: 0 | M59: FF | N59: 10 | O59: 1F | P59: C0 | Q59: 0
A60: C350 | B60: FF | C60: 0 | D60: 0 | E60: FF | F60: FF | G60: 0 | H60: 0 | I60: FF | J60: 10 | K60: 1F | L60: C0 | M60: 0 | N60: FF | O60: 0 | P60: 0 | Q60: FF
A61: C360 | B61: FF | C61: 0 | D61: 0 | E61: FF | F61: 10 | G61: 1F | H61: C0 | I61: 0 | J61: FF | K61: 0 | L61: 0 | M61: FF | N61: FF | O61: 0 | P61: 0 | Q61: FF
A62: C370 | B62: 10 | C62: 1F | D62: C0 | E62: 0 | F62: FF | G62: 0 | H62: 0 | I62: FF | J62: FF | K62: 0 | L62: 0 | M62: FF | N62: 10 | O62: 1F | P62: C0 | Q62: 0
A63: C380 | B63: FF | C63: 0 | D63: 0 | E63: FF | F63: FF | G63: 0 | H63: 0 | I63: FF | J63: 10 | K63: 1F | L63: C0 | M63: 0 | N63: FF | O63: 0 | P63: 0 | Q63: FF
A64: C390 | B64: FF | C64: 0 | D64: 0 | E64: FF | F64: 10 | G64: 1F | H64: C0 | I64: 0 | J64: FF | K64: 0 | L64: 0 | M64: FF | N64: FF | O64: 0 | P64: 0 | Q64: FF
A65: C3A0 | B65: 10 | C65: 1F | D65: C0 | E65: 0 | F65: FF | G65: 0 | H65: 0 | I65: FF | J65: FF | K65: 0 | L65: 0 | M65: FF | N65: 10 | O65: 1F | P65: C0 | Q65: 0
A66: C3B0 | B66: FF | C66: 0 | D66: 0 | E66: FF | F66: FF | G66: 0 | H66: 0 | I66: FF | J66: 10 | K66: 1F | L66: C0 | M66: 0 | N66: FF | O66: 0 | P66: 0 | Q66: FF
A67: C3C0 | B67: 0 | C67: 0 | D67: FF | E67: 30 | F67: 30 | G67: F0 | H67: 0 | I67: 0 | J67: 0 | K67: 0 | L67: 0 | M67: 0 | N67: 0 | O67: 0 | P67: FF | Q67: 18
A68: C3D0 | B68: 18 | C68: F8 | D68: 0 | E68: 0 | F68: 0 | G68: 0 | H68: 0 | I68: 0 | J68: 0 | K68: 0 | L68: FF | M68: 0C | N68: 0C | O68: FC | P68: 0 | Q68: 0
A69: C3E0 | B69: 0 | C69: 0 | D69: 0 | E69: 0 | F69: 0 | G69: 0 | H69: FF | I69: 6 | J69: 6 | K69: FE | L69: 0 | M69: 0 | N69: 0 | O69: 0 | P69: 0 | Q69: 0
A70: C3F0 | B70: 0 | C70: 0 | D70: FF | E70: 6 | F70: 6 | G70: FE | H70: 0 | I70: 0 | J70: 0 | K70: 0 | L70: 0 | M70: 0 | N70: 0 | O70: 0 | P70: FF | Q70: 3
A73: C400 | B73: 3 | C73: FF | D73: 0 | E73: 0 | F73: 0 | G73: 0 | H73: 0 | I73: 0 | J73: 0 | K73: 0 | L73: FF | M73: 1 | N73: 1 | O73: FF | P73: 80 | Q73: 80
A74: C410 | B74: 80 | C74: 0 | D74: 0 | E74: 0 | F74: 0 | G74: 0 | H74: FF | I74: 1 | J74: 1 | K74: FF | L74: C0 | M74: C0 | N74: C0 | O74: 0 | P74: 0 | Q74: 0
A75: C420 | B75: 0 | C75: 0 | D75: FF | E75: 0 | F75: 0 | G75: FF | H75: E0 | I75: E0 | J75: E0 | K75: 0 | L75: 0 | M75: 0 | N75: 0 | O75: 0 | P75: FF | Q75: 0
A76: C430 | B76: 0 | C76: FF | D76: E0 | E76: E0 | F76: E0 | G76: 0 | H76: 0 | I76: 0 | J76: 0 | K76: 0 | L76: FF | M76: 0 | N76: 0 | O76: FF | P76: F0 | Q76: F0
A77: C440 | B77: F0 | C77: 0 | D77: 0 | E77: 0 | F77: 0 | G77: 0 | H77: FF | I77: 0 | J77: 0 | K77: FF | L77: F8 | M77: D8 | N77: D8 | O77: 0 | P77: 0 | Q77: 0
A78: C450 | B78: 0 | C78: 0 | D78: FF | E78: 0 | F78: 0 | G78: FF | H78: FC | I78: DC | J78: DC | K78: 0 | L78: 0 | M78: 0 | N78: 0 | O78: 0 | P78: FF | Q78: 0
A79: C460 | B79: 0 | C79: FF | D79: FC | E79: CC | F79: CC | G79: 0 | H79: 0 | I79: 0 | J79: 0 | K79: 0 | L79: FF | M79: 0 | N79: 0 | O79: FF | P79: FE | Q79: C6
A80: C470 | B80: C6 | C80: 0 | D80: 0 | E80: 0 | F80: 0 | G80: 0 | H80: FF | I80: 0 | J80: 0 | K80: FF | L80: FF | M80: C3 | N80: C3 | O80: 0 | P80: 0 | Q80: 0
A81: C480 | B81: 0 | C81: 0 | D81: FF | E81: 0 | F81: 0 | G81: FF | H81: 0F | I81: 8 | J81: F8 | K81: FF | L81: 0 | M81: 0 | N81: 0 | O81: 0 | P81: FF | Q81: 0
A82: C490 | B82: 0 | C82: FF | D82: 0F | E82: 8 | F82: F8 | G82: FF | H82: 0 | I82: 0 | J82: 0 | K82: 0 | L82: FF | M82: 0 | N82: 0 | O82: FF | P82: 0F | Q82: 8
A83: C4A0 | B83: F8 | C83: FF | D83: 0 | E83: 0 | F83: 0 | G83: 0 | H83: FF | I83: 0 | J83: 0 | K83: FF | L83: 0F | M83: 8 | N83: F8 | O83: FF | P83: 0 | Q83: 0
A84: C4B0 | B84: 0 | C84: 0 | D84: FF | E84: 0 | F84: 0 | G84: FF | H84: 0F | I84: 8 | J84: F8 | K84: FF | L84: 0 | M84: 0 | N84: 0 | O84: 0 | P84: FF | Q84: 0
A85: C4C0 | B85: 0 | C85: FF | D85: 0F | E85: 8 | F85: F8 | G85: FF | H85: 0 | I85: 0 | J85: 0 | K85: 0 | L85: FF | M85: 0 | N85: 0 | O85: FF | P85: 1F | Q85: 18
A86: C4D0 | B86: F8 | C86: FF | D86: 0 | E86: 0 | F86: 0 | G86: 0 | H86: FF | I86: 0 | J86: 0 | K86: FF | L86: 1F | M86: 10 | N86: F0 | O86: FF | P86: 0 | Q86: 0
A87: C4E0 | B87: 0 | C87: 0 | D87: FF | E87: 0 | F87: 0 | G87: FF | H87: 3F | I87: 30 | J87: F0 | K87: FF | L87: 0 | M87: 0 | N87: 0 | O87: 0 | P87: FF | Q87: 1
A88: C4F0 | B88: 1 | C88: FF | D88: FF | E88: C0 | F88: C0 | G88: FF | H88: 0 | I88: 0 | J88: 0 | K88: 0 | L88: FF | M88: 3 | N88: 3 | O88: FF | P88: FF | Q88: 0
A91: C500 | B91: 0 | C91: FF | D91: 0 | E91: 0 | F91: FF | G91: FF | H91: FF | I91: FF | J91: FC | K91: FC | L91: FF | M91: 0 | N91: 0 | O91: FF | P91: 0 | Q91: 0
A92: C510 | B92: FF | C92: 80 | D92: 80 | E92: FF | F92: 0 | G92: 0 | H92: FF | I92: 0 | J92: 0 | K92: FF | L92: 0 | M92: 0 | N92: FF | O92: 80 | P92: 80 | Q92: FF
A93: C520 | B93: 0 | C93: 0 | D93: FF | E93: 0 | F93: 0 | G93: FF | H93: 0 | I93: 0 | J93: FF | K93: FF | L93: FF | M93: FF | N93: FF | O93: FF | P93: FF | Q93: FF
A94: C530 | B94: FF | C94: FF | D94: FF | E94: FF | F94: FF | G94: FF | H94: FF | I94: FF | J94: FF | K94: FF | L94: FF | M94: FF | N94: FF | O94: FF | P94: FF | Q94: FF
A95: C540 | B95: FF | C95: 0 | D95: 0 | E95: FF | F95: 10 | G95: 1F | H95: C0 | I95: 0 | J95: FF | K95: 0 | L95: 0 | M95: FF | N95: FF | O95: 0 | P95: 0 | Q95: FF
A96: C550 | B96: 10 | C96: 1F | D96: C0 | E96: 0 | F96: FF | G96: 0 | H96: 0 | I96: FF | J96: FF | K96: 0 | L96: 0 | M96: FF | N96: 10 | O96: 1F | P96: C0 | Q96: 0
A97: C560 | B97: FF | C97: 0 | D97: 0 | E97: FF | F97: FF | G97: 0 | H97: 0 | I97: FF | J97: 10 | K97: 1F | L97: C0 | M97: 0 | N97: FF | O97: 0 | P97: 0 | Q97: FF
A98: C570 | B98: FF | C98: 0 | D98: 0 | E98: FF | F98: 10 | G98: 1F | H98: C0 | I98: 0 | J98: FF | K98: 0 | L98: 0 | M98: FF | N98: FF | O98: 0 | P98: 0 | Q98: FF
A99: C580 | B99: 10 | C99: 1F | D99: C0 | E99: 0 | F99: FF | G99: 0 | H99: 0 | I99: FF | J99: FF | K99: 0 | L99: 0 | M99: FF | N99: 18 | O99: 1F | P99: E0 | Q99: 0
A100: C590 | B100: FF | C100: 0 | D100: 0 | E100: FF | F100: FF | G100: 0 | H100: 0 | I100: FF | J100: 8 | K100: 0F | L100: E0 | M100: 0 | N100: FF | O100: 0 | P100: 0 | Q100: FF
A101: C5A0 | B101: FF | C101: 0 | D101: 0 | E101: FF | F101: 0C | G101: 0F | H101: F0 | I101: 0 | J101: FF | K101: 0 | L101: 0 | M101: FF | N101: FF | O101: 0 | P101: 0 | Q101: FF
A102: C5B0 | B102: 3 | C102: 3 | D102: FE | E102: 80 | F102: FF | G102: 0 | H102: 0 | I102: FF | J102: FF | K102: 0 | L102: 0 | M102: FF | N102: 0 | O102: 0 | P102: FF | Q102: C0
A103: C5C0 | B103: FF | C103: E0 | D103: 0 | E103: FF | F103: FF | G103: 0 | H103: 0 | I103: FF | J103: 0 | K103: 0 | L103: FF | M103: 3F | N103: 3F | O103: FF | P103: FF | Q103: FF
A104: C5D0 | B104: FF | C104: 0 | D104: 0 | E104: FF | F104: 0 | G104: 0 | H104: FF | I104: 0 | J104: 0 | K104: FF | L104: 0 | M104: 0 | N104: FF | O104: 0 | P104: 0 | Q104: FF
A105: C5E0 | B105: 0 | C105: 0 | D105: FF | E105: 0 | F105: 0 | G105: FF | H105: 0 | I105: 0 | J105: FF | K105: FF | L105: FF | M105: FF | N105: FF | O105: FF | P105: FF | Q105: FF
A106: C5F0 | B106: FF | C106: FF | D106: FF | E106: FF | F106: FF | G106: FF | H106: FF | I106: FF | J106: FF | K106: FF | L106: FF | M106: FF | N106: FF | O106: FF | P106: FF | Q106: FF
A109: C600 | B109: 0 | C109: 0 | D109: FF | E109: 1 | F109: 1 | G109: FF | H109: FF | I109: 83 | J109: 83 | K109: 0 | L109: 0 | M109: 0 | N109: 0 | O109: 0 | P109: FF | Q109: 1
A110: C610 | B110: 1 | C110: FF | D110: FF | E110: 81 | F110: 81 | G110: 80 | H110: 80 | I110: 80 | J110: 0 | K110: 0 | L110: FF | M110: 1 | N110: 1 | O110: FF | P110: FF | Q110: 1
A111: C620 | B111: 1 | C111: 80 | D111: 80 | E111: 80 | F111: 0 | G111: 0 | H111: FF | I111: 3 | J111: 3 | K111: FF | L111: FF | M111: 0 | N111: 0 | O111: C0 | P111: C0 | Q111: C0
A112: C630 | B112: 0 | C112: 0 | D112: FF | E112: 3 | F112: 3 | G112: FF | H112: FF | I112: 0 | J112: 0 | K112: E0 | L112: 60 | M112: 60 | N112: 0 | O112: 0 | P112: FF | Q112: 7
...
